:020000040800F2
:100000000050002081840008236C0008256C000843
:10001000276C0008296C00082B6C00080000000009
:100020000000000000000000000000002D6C00082F
:100030002F6C000800000000316C0008336C0008D1
:10004000CD840008CD840008CD840008CD8400084C
:10005000CD840008CD840008CD840008CD8400083C
:10006000CD840008CD840008CD840008816200089A
:10007000416C0008516C0008CD840008CD84000854
:10008000CD840008CD840008CD840008CD8400080C
:10009000CD840008CD840008CD840008CD840008FC
:1000A000CD840008CD840008CD840008CD840008EC
:1000B000CD840008CD840008CD840008CD840008DC
:1000C000CD840008CD840008CD840008CD840008CC
:1000D000CD840008CD840008CD840008616C000840
:1000E000CD840008CD840008CD8400080000000005
:1000F0000000000000000000000000000000000000
:1001000000000000000000005FF808F1000000009F
:1001100000000000000000000000000000000000DF
:1001200000000000000000000000000000000000CF
:1001300000000000000000000000000000000000BF
:1001400000000000000000000000000000000000AF
:0C015000000000000000000000000000A3
:10015C000348044B834202D0034B03B1184770474A
:10016C00D8010020D8010020000000000548064BF3
:10017C001B1AD90F01EBA301491002D0034B03B199
:10018C0018477047D8010020D8010020000000005B
:10019C0010B5064C237843B9FFF7DAFF044B13B1C3
:1001AC000448AFF300800123237010BDD801002058
:1001BC0000000000D084000808B5044B1BB10449B2
:1001CC000448AFF30080BDE80840CFE70000000012
:1001DC00DC010020D084000870B5860747D0541E7F
:1001EC00002A3ED00346CAB201E0013C39D303F8E1
:1001FC00012B9D07F9D1032C2CD9CDB205EB05258C
:10020C000F2C1A4605EB054534D9A4F1100C2CF033
:10021C000F0603F1100EB6444FEA1C1CC2E9005540
:10022C00C2E9025510327245F8D10CF1010214F0FA
:10023C000C0F03EB021204F00F0C13D0ACF10403FF
:10024C0023F003030433134442F8045B9342FBD1C1
:10025C000CF003042CB1C9B21C4403F8011BA342DB
:10026C00FBD170BD64461346002CF4D1F9E703466C
:10027C001446C0E7A446E1E7844641EA000313F0C4
:10028C00030349D1403A23D30B6803604B684360A6
:10029C008B688360CB68C3600B6903614B694361F6
:1002AC008B698361CB69C3610B6A03624B6A4362DE
:1002BC008B6A8362CB6AC3620B6B03634B6B4363C6
:1002CC008B6B8363CB6BC36340304031403ADBD2E2
:1002DC0030320BD30B6803604B6843608B688360D0
:1002EC00CB68C36010301031103AF3D20C3205D306
:1002FC0051F8043B40F8043B043AF9D2043208D0DC
:10030C00D2071CBF11F8013B00F8013B01D30B884D
:10031C0003806046704700BF082A13D38B07B1D007
:10032C0010F00303AED0C3F10403D21ADB071CBFD9
:10033C0011F8013B00F8013BA4D331F8023B20F843
:10034C00023B9FE7043AD9D3013A11F8013B00F87C
:10035C00013BF9D20B7803704B7843708B78837028
:10036C006046704708B410B5002A04469DB034DBD3
:10037C004FF4027C4FF00003ADF814C01B934FF602
:10038C00FF7C0291069120AB15D0013A04920792A2
:10039C0002A91F9A0193ADF816C000F039FB421C5C
:1003AC0001DA8B2323600022029B1A701DB0BDE87A
:1003BC00104001B070470492079202A91F9A019352
:1003CC00ADF816C000F024FB431C01DA8B2323602C
:1003DC001DB0BDE8104001B070478B234FF0FF30CB
:1003EC002360F5E70CB410B5204B00291C689CB0B9
:1003FC0036DB4FF000034FF402721B934FF6FF7C79
:10040C0002900690ADF814201FAB16D001391E9A3D
:10041C0004910791204602A90193ADF816C000F093
:10042C00F7FA421C01DA8B2323600022029B1A701C
:10043C001CB0BDE8104002B07047049107912046F3
:10044C001E9A02A90193ADF816C000F0E1FA431C04
:10045C0001DA8B2323601CB0BDE8104002B070475A
:10046C008B234FF0FF302360F5E700BF0000002026
:10047C000EB400B582B003AB53F8042B8168019322
:10048C0000F056F802B05DF804EB03B0704700BF03
:10049C000FB400B5074A83B004AB106853F8042BB3
:1004AC008168019300F044F803B05DF804EB04B0EC
:1004BC00704700BF000000209368013B002B936045
:1004CC0005DAD2F818C0634507DB0A2905D0136892
:1004DC00581C106008461970704700F063B900BFD3
:1004EC009BB1F8B5134406460F46541E5D1E01E041
:1004FC00AC4208D03A46304614F8011FFFF7DCFF37
:10050C00431CF5D1F8BD0020F8BD0020704700BF9A
:10051C00936810B514461BB918460023636010BDD0
:10052C0000F08EFB0023A3600023636010BD00BFAE
:10053C002DE9F04FA1B08B4691461C46049018B1A2
:10054C00036A002B00F01381BBF80C30180740F144
:10055C008E80DBF81030002B00F08980002343F2F2
:10056C0020020D9399F800300127824E0794ADF8C4
:10057C003920002B73D04D4603E015F8013F002BBA
:10058C007FD0252BF9D1B5EB090A7DD12B78002B27
:10059C0065D000234FF0FF320135CDE909230893D4
:1005AC000B938DF863301E9306E02546089B801B49
:1005BC0007FA00F0034308932C46052214F8011B9C
:1005CC00304601F029FBA1460028EED1089BD90644
:1005DC0044BF20228DF863201A0748BF2B222978AC
:1005EC0048BF8DF863202A2964D1079A1168043218
:1005FC0000290792C0F296800B9169782E296FD052
:10060C005D4C0322204601F007FB38B14022089BC9
:10061C00001B8240134309F10109089319F8011BCF
:10062C00062256488DF8381001F0F6FA00287FD0D3
:10063C00534B002B69D007A900915A460498514B93
:10064C0008A9AFF300800390039B013307D00D9BE7
:10065C00039A13440D9399F80030002B8BD1BBF8FF
:10066C000C305B060AD40D9821B0BDE8F08F5946CA
:10067C00049800F0DDFF00283FF470AF4FF0FF301E
:10068C00F2E7B5EB090AEAD009F1FF3805954546C2
:10069C00DDF8108001E0A2453ED92C465A46404672
:1006AC0015F8011FFFF708FF02340130A4EB090411
:1006BC00F1D1D4E7A1F13002092A88BFA9469DD80F
:1006CC000B9B00E00134217803EB830302EB430323
:1006DC00A1F13002092AF5D92E29A1460B938FD10D
:1006EC0099F801102A292DD1079B09F102001A68EB
:1006FC000433002A0793B8BF4FF0FF3399F8021068
:10070C0009928146B8BF09937AE7079B073323F018
:10071C000703083307939AE70D99059D51442B78ED
:10072C000D9134E7494243F002030B91089364E7BF
:10073C0007A900915A460498124B08A901F09EF89B
:10074C00039081E70023A1F13002092A09F1010984
:10075C0009933FF655AF19F8011F03EB830302EB26
:10076C004303A1F13002092AF5D9099348E700F0B7
:10077C00C7FCE9E6C8850008D0850008D4850008C8
:10078C0000000000ED0400088C4600B586461346B8
:10079C00034A714610685DF804EB6246FFF7C8BE69
:1007AC0000000020F8B506460D46144610B1036A49
:1007BC00002B37D0A269A389A2601A0719D5236927
:1007CC00BBB122686169D31AEDB299422F4620DD84
:1007DC000133A1680139A160511C21601570626957
:1007EC009A420DD0A389DB0701D50A2D08D03846D3
:1007FC00F8BD2146304600F01BFF38B92369E0E70D
:10080C002146304600F02EFD0028F0D04FF0FF3787
:10081C00EDE72146304600F025FD0028F6D10123F6
:10082C002268D6E700F06CFCC4E700BF03460A461A
:10083C00024908681946FFF7B5BF00BF0000002049
:10084C002DE9F0471D468F680C46AF4216460B68E3
:10085C0036D8B1F90CC01CF4906F0ED13D46184639
:10086C0031462A4600F044FE0020A368DF1B2368B3
:10087C00A7602B442360BDE8F0874A69096902EB45
:10088C0042025F1A02EBD2726B1C52103B44934231
:10089C0092BF914699461A461CF4806F804611D03F
:1008AC00114600F047FD824600B33A462169FFF736
:1008BC00E3FCA38923F4906343F08003A38105E058
:1008CC002F46CCE700F016FF824658B10AEB07031F
:1008DC00A9EB0707A760C4F810A02F46C4F8149022
:1008EC002360BCE74046216900F0A4FD0C22A389DB
:1008FC004FF0FF3043F04003C8F80020A381BAE763
:10090C002DE9F04F936883B0924617680190002B45
:10091C0076D04FF0000B0C465D468B680A6848E0B9
:10092C00B4F90CC01CF4906F2FD0D4E90403A2EBE3
:10093C00000803EB430202EBD27208F101015210E2
:10094C002944914292BF914689460A461CF4806F15
:10095C0039D01146019800F0EDFC064600283DD038
:10096C0042462169FFF788FCA28922F4906242F08A
:10097C008002A28106EB0800A9EB08022661A846BA
:10098C002E46A2602060C4F814903246594600F0FE
:10099C00AFFDDAF80810A3682268A3EB0803324411
:1009AC00491BA3602260CAF8081049B3D7E900B507
:1009BC00083798461046002DF8D09D421E46AFD2FF
:1009CC00A8462E46E1E70146019800F093FE064644
:1009DC000028CFD10198216900F02CFD0C21A389AE
:1009EC00019D43F0400329600022A3814FF0FF30AA
:1009FC000023CAF80820CAF8043003B0BDE8F08F11
:100A0C0000200023CAF8043003B0BDE8F08F00BF0B
:100A1C002DE9F04F1C468B8989461D06824693466C
:100A2C009DB003D50B69002B00F0EE80002343F240
:100A3C00200209939BF8003001277C4E0394ADF8FB
:100A4C002920002B71D05D4603E015F8013F002BE7
:100A5C0073D0252BF9D1B5EB0B0471D12A78002A70
:100A6C0063D000234FF0FF320135CDE90523049309
:100A7C0007938DF853301A9306E02546049B801B90
:100A8C0007FA00F0034304932C46052214F8011BCB
:100A9C00304601F0C1F8A3460028EED1049BD906DC
:100AAC0044BF20228DF853201A0748BF2B222978E7
:100ABC0048BF8DF853202A294FD1039A116804326C
:100ACC00002903927BDB079169782E295BD0584C67
:100ADC000322204601F0A0F838B14022049B001BF1
:100AEC00824013430BF1010B04931BF8011B0622EC
:100AFC0050488DF8281001F08FF8002865D04E4B27
:100B0C00002B55D003A900914A4650464B4B04A9E3
:100B1C00AFF300808046B8F1FF3F06D0099B4344F9
:100B2C0009939BF80030002B8DD1B9F80C305B0683
:100B3C0079D409981DB0BDE8F08FB5EB0B04F4D057
:100B4C0023465A4649465046FFF77AFE0130ECD010
:100B5C00099B2A782344099381E7A1F13002092AE1
:100B6C0088BFAB46B1D8079B00E00134217803EB7A
:100B7C00830302EB4303A1F13002092AF5D92E2994
:100B8C00A3460793A3D19BF801102A2927D1039BD5
:100B9C000BF102001A680433002A0393B8BF4FF01C
:100BAC00FF339BF8021005928346B8BF05938EE77E
:100BBC00039B073323F0070308330393AEE7494243
:100BCC0043F00203079104937EE703A900914A4680
:100BDC0050461A4B04A900F051FE80469BE70023B7
:100BEC00A1F13002092A0BF1010B05933FF66FAF0F
:100BFC001BF8011F03EB830302EB4303A1F130024B
:100C0C00092AF5D9059362E7402100F093FBC9F856
:100C1C000000C9F8100018B14023C9F8143005E7DA
:100C2C000C23CAF800304FF0FF3083E7C88500086A
:100C3C00D0850008D4850008000000004D0800088D
:100C4C009368002B00F0F0802DE9F04FB1F90CC047
:100C5C0090461CF0080F81460C4683B02BD00B69D4
:100C6C004BB31CF00207D8F8006032D04FF0000AEA
:100C7C005546D4F828B0216AAB4FC5B1BD422B46BE
:100C8C00524628BF3B464846D847002840F3C2800E
:100C9C00D8F8083082441B1A2D1AC8F80830002BDB
:100CAC0000F0AE80D4F828B0216A002DE6D1D6E948
:100CBC0000A50836E1E72146484600F0B9FC0028BB
:100CCC0040F0AD80B4F90CC0D8F800601CF00207FD
:100CDC00CCD11CF0010A63D157462368A168184691
:100CEC008B46002F58D01CF4007F00F0B180B94225
:100CFC000A4600F2DD801CF4906F2FD021696269E6
:100D0C005D1A02EB420202EBD2726B1C52103B4496
:100D1C00934292BF93469B461A461CF4806F00F098
:100D2C00E6801146484600F005FB002800F0F580EF
:100D3C002A4621690190FFF79FFAA289019B22F4B0
:100D4C00906242F08002A2815819C4F814B0ABEB47
:100D5C0005053A46BB462361A56020603D46002749
:100D6C005146019200F0C4FBA1682368019AA1EBE3
:100D7C000B011A44A1602260D8F80830AA445B1B0E
:100D8C00C8F80830002B3BD02368A16818468B4666
:100D9C00B4F90CC0002FA6D1D6E900A708369EE7FF
:100DAC003846BB463D46002D40D0002845D03A463B
:100DBC00D4E904C32068AA4228BF2A466045A1682A
:100DCC0004D901EB030A524500F38280934272DC92
:100DDC005A464846216AD4F828C0E047B0F1000AC8
:100DEC0018DDB7EB0A070FD00120D8F80830D34430
:100DFC00A3EB0A03A5EB0A05C8F80830002BD2D1E7
:100E0C00002003B0BDE8F08F2146484600F02AFAD6
:100E1C000028EAD0B4F90C3043F04003A3814FF022
:100E2C00FF3003B0BDE8F08F002070477568334683
:100E3C000836002DFAD0D3F800B02A460A215846BD
:100E4C0000F0EAFE002865D00130A0EB0B07AEE7FE
:100E5C0022699A4214D36569BD4211D86FF00043E0
:100E6C00BB4228BF3B4693FBF5F3524605FB03F30D
:100E7C004846A56A216AA847051ECBDD7F1B7BE788
:100E8C00B94228BF39460D46184651462A4600F04D
:100E9C002FFBA1682368491B2B44A1602360002908
:100EAC00ECD12146484600F0DDF90028E6D0B1E748
:100EBC00BB463A4652E75946019200F019FB019A9B
:100ECC00A36892469B1AA36023681344236088E7A7
:100EDC005946524600F00CFB2368214653444846C1
:100EEC00236000F0BFF900283FF47BAF92E748463F
:100EFC0000F000FC034600287FF426AF4846216929
:100F0C0000F098FA0C22B4F90C30C9F8002023F048
:100F1C00800381E76A1C17464AE70C22B4F90C30AF
:100F2C00C9F8002078E700BF00FCFF7F0020704765
:100F3C00024A0349034800F059BB00BF500000208F
:100F4C0071120008040000200C4B416810B5994246
:100F5C00044601D000F086F9A168094B994202D0F1
:100F6C00204600F07FF9E168064B994204D02046F8
:100F7C00BDE8104000F076B910BD00BFF4010020B0
:100F8C005C020020C4020020002070472DE9F843C9
:100F9C0000250423294C2A490822C4F8381104F1ED
:100FAC005C002946DFF89C90DFF89C80274F284E88
:100FBC00C4E90335C4E90055C4E90555A560656667
:100FCC00FFF70AF9234B0822294604F1C400636792
:100FDC00C4E90849C4E90A87C4E91A55C4E91E558D
:100FEC0026632567C4F8CC50C4F88050FFF7F4F89A
:100FFC00194B2946C4F8DC30082204F1680304F5C7
:10100C009670C4F88830C4E92398C4E92576C4E9FD
:10101C003455C4E93855C4F8D850C4F83451C4F820
:10102C00E850FFF7D9F804F1D003C4E93D98C4E9BE
:10103C003F76C4F8F030BDE8F88300BFF40100201F
:10104C003D0F0008051D00082D1D00086D1D000832
:10105C00911D00080900010012000200F8B5254B93
:10106C000646D3F83831002B3CD0234FD7E9013456
:10107C00013B04D51DE05A1C04F1680419D0B4F9E5
:10108C000C50013B002DF6D11C4B08222946C4E91B
:10109C000155C4E90455E36065662560A56104F15A
:1010AC005C00FFF799F8C4E90D55C4E912552046C8
:1010BC00F8BD3D680DB12F46D8E74FF4D6713046D8
:1010CC0000F038F9044680B1042305602946254612
:1010DC000C304FF4D072A0606360FFF77DF83C6079
:1010EC002F46C3E7FFF752FFBFE70C23386033608E
:1010FC00DDE700BFF4010020500000200100FFFFDD
:10110C00036A03B17047044B044AD3F838310262C6
:10111C00002BF7D13AE700BFF4010020550F00086F
:10112C00704700BF704700BF0020024A024900F020
:10113C005DBA00BF50000020390F00080020024AA1
:10114C00024900F053BA00BF50000020950F000870
:10115C00F8B5B1F90C300C461E07074639D44A686D
:10116C00002A53DDE56A002D31D000223E683A603A
:10117C0013F48052216A55D101233846A847451CE7
:10118C00024663D0B4F90C30E56A216A580705D5DC
:10119C006368D21A636B0BB1236CD21A00233846E6
:1011AC00A847421C40D00022236962602360A389B7
:1011BC00DB0400D56065616B3E6041B104F1440312
:1011CC00994202D0384600F035F9002363630020C1
:1011DC00F8BD0E69002EFAD09B0718BF00230D68CE
:1011EC0008BF4B690E60AD1B8B600CE02B46324682
:1011FC00D4F828C03846216AE047B0F1000CA5EBC2
:10120C000C05664406DD002DF0DCE0E70A6C002AD4
:10121C00A8DCDCE7B4F90C3043F040034FF0FF30AE
:10122C00A381F8BD626DB1E73968B4F90C301D29A2
:10123C00F2D80B4ACA40D507EED50022626022696B
:10124C002260DA04B7D50029B4D0B4E73B68002B90
:10125C0098D01D2B01D0162BDCD13E60B7E700BF18
:10126C00010040200B69B3B110B5044682B008B13F
:10127C00036A5BB1B1F90C3013B9002002B010BD98
:10128C00204602B0BDE81040FFF762BF0191FFF7A6
:10129C0037FF0199EEE70020704700BFB8B138B5B1
:1012AC000D4A0369044615682BB10DB12B6A53B175
:1012BC00B4F90C300BB9002038BD21462846BDE8E6
:1012CC003840FFF745BF2846FFF71AFFF0E7034AFF
:1012DC000349044800F08AB90000002050000020A7
:1012EC00711200080400002070B5114E05463368D9
:1012FC000C46BBB12146284600F0ECFC431C0146D1
:10130C000CD0C41C24F00304A04205D02846611A5A
:10131C0000F0E0FC013001D0204670BD4FF0FF34EE
:10132C00204670BD194600F0D5FC3060E2E700BFE6
:10133C00300300202DE9F843CD1C25F003050835BA
:10134C000C2D38BF0C25002D064618DBA94216D8EB
:10135C00DFF8DC8000F0D4FBD8F80420A2B11446EE
:10136C0003E0636822467BB11C4623685B1BF8D400
:10137C000B2B1FD89442636854D053600CE00C23A1
:10138C0033600020BDE8F88329463046FFF7ACFFF8
:10139C00431C044619D00560304600F0B3FB04F141
:1013AC000B00231D20F00700C21A1CBF1B1AA350F0
:1013BC00BDE8F88361199442256014BF5160C8F8E8
:1013CC000410635163684B60E6E7D8F804701FB3F0
:1013DC003C467F68002FFBD123683946304604EB2E
:1013EC00030900F077FC814516D123683046ED1ACD
:1013FC002946FFF779FF01300ED02368D8F8042076
:10140C002B442360536883B1A34203D01A465B6814
:10141C009C42FBD10023B0E70C233046336000F034
:10142C0071FBAEE7C8F80430B6E7C8F80470B3E750
:10143C0030030020002950D038B551F8043C0C1F63
:10144C00002BB8BFE418054600F05AFB274A136876
:10145C002BB1A3420CD92168601883422CD02846AA
:10146C0063601460BDE8384000F04CBBA3420FD859
:10147C001A465B68002BF9D111685018844217D0BA
:10148C002CD3636054602846BDE8384000F03ABB6A
:10149C0011685018A04214D020D8216860188342DB
:1014AC00EFD118685B680844C4E900035460EAE7AC
:1014BC0023680B441360E6E718685B6808442060F7
:1014CC00CDE720680144501883421160DBD1D3E989
:1014DC0000040144C2E90014D5E770470C232846E8
:1014EC002B60BDE8384000F00DBB00BF340300207A
:1014FC0088420ED98B1883420BD900EB020C002AC0
:10150C006DD0624613F801CD994202F801CDF9D1A4
:10151C0070470F2A0FD8034602F1FF3C002A5ED019
:10152C000CF1010C013B8C4411F8012B614503F8C3
:10153C00012FF9D1704740EA01039B0750D1A2F16A
:10154C00100370B501F1200C23F00F0501F1100E02
:10155C0000F11004AC441B095EF8105C0EF1100E87
:10156C0044F8105C5EF81C5C103444F81C5C5EF8AB
:10157C00185C44F8185C5EF8145CE64544F8145C9E
:10158C00EAD1013312F00C0F01EB031102F00F043E
:10159C0000EB031328D08E46043C24F003064FEADC
:1015AC00940C1E441C1F5EF8045B44F8045FB442A8
:1015BC00F9D10CF1010402F0030203EB840301EBFB
:1015CC00840102F1FF3C4AB10CF1010C013B8C444B
:1015DC0011F8012B614503F8012FF9D170BD70474B
:1015EC00034602F1FF3C9BE72246EAE72DE9F8436C
:1015FC004FF0000980460F461646D6E90154013DCE
:10160C0010D4A389012B08D9B4F90E30013304D0BE
:10161C0021464046B84749EA0009013D6B1C04F1DC
:10162C006804EED13668002EE7D14846BDE8F88351
:10163C0038B52F4B05461B680C4613B11A6A002AA5
:10164C004BD0B4F90C3018071CD5226922B313F017
:10165C00010107D000206169A0604942A1613AB143
:10166C00002038BD980758BF6169A160002AF7D1E6
:10167C00190658BF1046F4D543F04003A3814FF030
:10168C00FF3038BDD9062CD55A0712D4226943F045
:10169C000803A381002ADAD103F42071B1F5007F8D
:1016AC00D5D02146284600F02FFAB4F90C30226927
:1016BC00CDE7616B51B104F14402914204D028464C
:1016CC00FFF7B8FEB4F90C300022626300212269E6
:1016DC0023F02403C4E90021D9E71846FFF710FDD5
:1016EC00AFE7092243F040032A60A381C7E700BF9C
:1016FC00000000202DE9F041144641B30AB3064620
:10170C000D4600F043FB8442074602D8B4EB500F61
:10171C0013D821463046FFF70DFE804650B1BC422F
:10172C002246294628BF3A46FEF7A6FD29463046F2
:10173C00FFF780FE4046BDE8F081A8464046BDE874
:10174C00F081A046FFF776FE4046BDE8F0811146D9
:10175C00BDE8F041FFF7EEBD2DE9F84F92461F466C
:10176C000A698B680C469A42B8BF1A46CAF8002020
:10177C0091F843300646DDF8289013B10132CAF8CF
:10178C000020226891065FD5DAF800300233CAF8DF
:10179C000030226812F0060F11461DD1E168994203
:1017AC00D8BF114618DD4FF0000804F1190B05E005
:1017BC00E568DAF80030ED1A45450CDD01235A4690
:1017CC0039463046C847013008F10108F0D14FF0D6
:1017DC00FF30BDE8F88F216894F84330003B18BF08
:1017EC0001238A060AD53021E21882F8431094F8B6
:1017FC0045105A1C2244023382F8431039463046B5
:10180C0004F14302C8470130E1D0D4E90220236837
:10181C00DAF8005003F00603042B21691BD08A422E
:10182C0020DD4FF00008521A904400251A3401E0D4
:10183C00454517DA0123224639463046C847013060
:10184C0005F10105F4D1C2E712F0060F0DD0003BF3
:10185C0018BF0123D2E7401B8A4220EAE078E2DC81
:10186C000028E2DC0020BDE8F88FE168DAF80030EF
:10187C009942D8BF114696DCAEE700BF2DE9F04780
:10188C0017460A7E84B00C46064698460C9D01F11C
:10189C00430C002A35D0A2F15803D9B2202969D8BB
:1018AC00202B67D8DFE813F0E600660066006600C0
:1018BC006600660066006600660066006600AC00A6
:1018CC0070006600660066006600700066006600C8
:1018DC006600660021008300C60066006600B60044
:1018EC006600830066006600EC002B682268181DF9
:1018FC006169286010061B6802D4520600F1E08072
:10190C0019600023E14623613B4621463046CDF861
:10191C00008003AAFFF720FF013020D04A46394649
:10192C0030462369C047013019D02368E0689B0713
:10193C00DDF80C9018D5484516DD002504F1190A80
:10194C0004E0E068A0EB0903AB420DDD0123524635
:10195C0039463046C047013005F10105F1D14FF051
:10196C00FF3004B0BDE8F0874845B8BF484604B026
:10197C00BDE8F087012084F8422004F142090023DD
:10198C00206184F84330BFE72A682368111D1806CC
:10199C00296002D4590600F1958010680146002890
:1019AC006268C0F293804FF00A0E534815E020682D
:1019BC002B6810F0800F53F8041B02D1400648BF6F
:1019CC0089B26F2A14BF4FF00A0E4FF0080E4A4826
:1019DC002B600023626884F84330002AA26051DB3C
:1019EC00236823F00403236000294BD1002A7BD108
:1019FC00E146BEF1080F56D0ACEB0903236183E737
:101A0C002A680120116804322A6004F1420984F822
:101A1C004210B4E72B6800211A1D2A60D3F80090FD
:101A2C006268484600F0F8F8002863D0A0EB090083
:101A3C006060A4E7236843F02003236078222F48DA
:101A4C0084F845202A6813F0800F52F8041B03D148
:101A5C0013F0400F18BF89B22A60DA0744BF43F075
:101A6C002003236019B9236823F0200323604FF06F
:101A7C00100EAEE75823204884F845302368E1E780
:101A8C002368DBE77546E146B1FBF5F30A4605FB37
:101A9C00131A194610F80A30AA4209F8013DF3D27C
:101AAC00BEF1080FA8D12368DD07A5D562682369AC
:101ABC009A42A1DC302309F1FF3989F800309BE709
:101ACC0019801EE7B2F90010084668E72D20002A9D
:101ADC00A26084F8430002DB23F0040323600A2590
:101AEC000548AE464942CEE7037804F1420984F832
:101AFC0042307EE7606842E7DC850008F08500082C
:101B0C00704700BF704700BF70B5B1F90C300C4680
:101B1C00990796B007D5012204F14703C4E90432B2
:101B2C00236016B070BDB4F90E100546002929DBF0
:101B3C006A4600F05BF9002822DB4FF480612846EE
:101B4C00019EFFF7F7FB88B3A38906F4704643F0B8
:101B5C008003A3814FF48063B6F5005FC4E90403EE
:101B6C002060DED12846B4F90E1000F0A1F8002850
:101B7C00D7D0A38923F0030343F00103A381D0E75B
:101B8C00B4F90C3013F0800F14BF40264FF480666C
:101B9C0028463146FFF7CEFB40B1A389C4E90406C1
:101BAC0043F080032060A38116B070BDB4F90C30F3
:101BBC009A05B6D4012123F0030304F1470243F044
:101BCC000203C4E90421A3812260AAE770B50C4684
:101BDC00B1F90E10154600291E4696B00FDB6A4669
:101BEC0000F004F900280ADB019B4FF4806203F437
:101BFC007043A3F50053B3FA83F35B0907E0A289A2
:101C0C00002312F0800F14BF40224FF4806200209A
:101C1C0033602A6016B070BD5FFA81FC810744D036
:101C2C000346511E22B909E09A0709D0013905D3A0
:101C3C001846027801336245F6D170470020704790
:101C4C00184603290CD80029F8D00346014401E0BA
:101C5C008B42F3D0184613F8012B6245F8D170472C
:101C6C0010B50CEB0C24024604EB044402E00439DE
:101C7C00032915D9104652F8043B6340A3F1013EE9
:101C8C002EEA030313F0803FF1D00346014401E038
:101C9C008B4208D0184613F8012B6245F8D110BDC1
:101CAC0010460029F1D1002010BD1146C9E700BF34
:101CBC00002238B5064D044608462A6000F0E6F8C6
:101CCC00431C00D038BD2B68002BFBD0236038BDE3
:101CDC0038030020002238B5064D044608462A6019
:101CEC0000F0ECF8431C00D038BD2B68002BFBD067
:101CFC00236038BD3803002010B50C46B1F90E1026
:101D0C0000F05EF8002803DB636D0344636510BDCF
:101D1C00A38923F48053A38110BD00BF002070471A
:101D2C002DE9F0410C46B1F90C101F46CB050546C8
:101D3C0016460BD421F48051A1813B4632462846ED
:101D4C00B4F90E10BDE8F04100F07AB8B4F90E10F9
:101D5C000223002200F05EF8B4F90C10EAE700BF91
:101D6C0010B50C46B1F90E1000F054F8B4F90C3063
:101D7C00421C0EBF23F4805343F480536065A3814F
:101D8C0010BD00BFB1F90E1000F008B851F8043CBA
:101D9C00181F002BBCBF0B58C0187047002238B559
:101DAC00064D044608462A6000F060F8431C00D03B
:101DBC0038BD2B68002BFBD0236038BD38030020C6
:101DCC0038B50C46114600228446074D20462A6041
:101DDC001A46644600F06AF8431C00D038BD2B68E4
:101DEC00002BFBD0236038BD3803002070B50026D3
:101DFC00074D0446084611462E6000F03FF8431C80
:101E0C0000D070BD2B68002BFBD0236070BD00BFD1
:101E1C003803002038B50C46114600228446074D85
:101E2C0020462A601A46644600F038F8431C00D05D
:101E3C0038BD2B68002BFBD0236038BD3803002045
:101E4C0038B50C46114600228446074D20462A60C0
:101E5C001A46644600F040F8431C00D038BD2B688D
:101E6C00002BFBD0236038BD380300205822024BD6
:101E7C004FF0FF301A607047380300205822024B95
:101E8C004FF0FF301A607047380300205822024B85
:101E9C0000201A60704700BF380300205822024B04
:101EAC004FF0FF301A607047380300205822024B65
:101EBC004FF0FF301A60704738030020044A054980
:101ECC001368002B08BF0B46184410601846704767
:101EDC003C030020880A00205822024B4FF0FF30B0
:101EEC001A60704738030020044B0022DA61044A60
:101EFC00136943F001031361018070474003002014
:101F0C0000200240194BDB6813F0100305D0184A6F
:101F1C00D36943F00203D3611023144AD26812F040
:101F2C00040F06D01249CA6942F00102CA6143F09B
:101F3C0004030E4AD26912F0010F09D00C49CA6988
:101F4C0042F00402CA610949CA6922F00102CA615D
:101F5C0040F20112934202D0044AD3607047034A04
:101F6C00D36923F00103D361704700BF0020024006
:101F7C0040030020074B1B6913F0800F07D0054B63
:101F8C00054A5A6002F188325A60002070470120DD
:101F9C00704700BF0020024023016745034A1369C4
:101FAC0043F0800313610020704700BF0020024003
:101FBC0038B5044601F08CF90546164BDB6813F076
:101FCC00010F0AD0B4F1FF3FF7D024B101F080F932
:101FDC00401BA042F1D903201BE00E4BDB6813F031
:101FEC00200F02D00B4B2022DA600A4BDB6813F077
:101FFC00100F0BD1074BDB6913F0010F06D1054B0A
:10200C00DB6813F0040F01D1002002E0FFF77AFF28
:10201C00012038BD002002402DE9F8431E46244B18
:10202C001B7E012B41D004460F469046204B0122CB
:10203C001A764CF25030FFF7BBFF034678BB012CED
:10204C0008D0022C03D04FF004091C4607E04FF0D7
:10205C000209FAE74FF00109F7E70134E4B24C4505
:10206C001DD22101C1F12002A1F1200328FA01F1B6
:10207C0006FA02F2114326FA03F3194389B207EB6D
:10208C004400FFF731FF4CF25030FFF791FF094B42
:10209C001D6925F001051D6103460028DDD0044AA9
:1020AC00002111761846BDE8F8830223FAE700BF39
:1020BC00400300200020024082B0084B1B68084AF5
:1020CC00A2FB03235B0A00FB03F3019300BF019BFC
:1020DC005A1E0192002BF9D102B070475C0000200F
:1020EC00D34D621070B582B00446036813F0010F33
:1020FC002CD09A4B5B6803F00C03042B1DD0974B30
:10210C005B6803F00C03082B12D06368B3F5803FB7
:10211C0041D0002B55D103F1804303F504331A68E9
:10212C0022F480321A601A6822F480221A6037E096
:10213C008A4B5B6813F4803FE7D0884B1B6813F421
:10214C00003F03D06368002B00F0AE81236813F0CE
:10215C00020F75D0814B5B6813F00C0F5FD07F4B77
:10216C005B6803F00C03082B54D02369002B00F0A0
:10217C008A807B4B01221A6001F0AAF80546774B46
:10218C001B6813F0020F75D101F0A2F8401B022856
:10219C00F5D903208DE1714A136843F48033136041
:1021AC00636843B301F094F805466C4B1B6813F459
:1021BC00003FCBD101F08CF8401B6428F5D90320EB
:1021CC0077E1B3F5A02F09D0644B1A6822F4803262
:1021DC001A601A6822F480221A60E1E703F1804346
:1021EC00A3F53C331A6842F480221A601A6842F450
:1021FC0080321A60D4E701F06BF80546574B1B6828
:10220C0013F4003FA2D001F063F8401B6428F5D909
:10221C0003204EE1514B5B6813F4803FA5D14F4B2B
:10222C001B6813F0020F03D02369012B40F03E8191
:10223C004A4A136823F0F803616943EAC103136047
:10224C00236813F0080F33D0A369002B5CD0444BE8
:10225C000122C3F8802401F03BF805463F4B5B6A32
:10226C0013F0020F21D101F033F8401B0228F5D9ED
:10227C0003201EE1394A136823F0F803616943EA2D
:10228C00C1031360DCE7364B00221A6001F020F822
:10229C000546324B1B6813F0020FD1D001F018F831
:1022AC00401B0228F5D9032003E10120FFF704FFAE
:1022BC00236813F0040F00F09780284BDB6913F0B0
:1022CC00805F34D1254BDA6942F08052DA61DB69E8
:1022DC0003F080530193019B0125224B1B6813F4DF
:1022EC00807F26D0E368012B3ED0002B54D103F124
:1022FC00804303F504331A6A22F001021A621A6A47
:10230C0022F004021A6234E0154B0022C3F8802438
:10231C0000F0DEFF0546114B5B6A13F0020FC7D0CD
:10232C0000F0D6FF401B0228F5D90320C1E00025A0
:10233C00D3E70C4A136843F48073136000F0C8FFB2
:10234C000646084B1B6813F4807FCBD100F0C0FF0E
:10235C00801B6428F5D90320ABE000BF00100240BD
:10236C000000424200700040544A136A43F00103DB
:10237C001362E36833B300F0ABFF06464F4B1B6AA6
:10238C0013F0020F2FD100F0A3FF801B41F2883312
:10239C009842F3D903208CE0052B09D0474B1A6ADD
:1023AC0022F001021A621A6A22F004021A62E0E7B1
:1023BC00424B1A6A42F004021A621A6A42F0010293
:1023CC001A62D6E700F084FF06463C4B1B6A13F0FA
:1023DC00020F08D000F07CFF801B41F2883398423A
:1023EC00F3D9032065E0E5B9E369002B60D0334AEB
:1023FC00526802F00C02082A5DD0022B17D0304B29
:10240C0000221A6600F064FF04462C4B1B6813F084
:10241C00007F47D000F05CFF001B0228F5D9032099
:10242C0047E0264AD36923F08053D361DCE7244B81
:10243C0000221A6600F04CFF0546204B1B6813F077
:10244C00007F06D000F044FF401B0228F5D9032082
:10245C002FE0236AB3F5803F1AD018494B6823F458
:10246C007413226A606A024313434B60144B0122BB
:10247C001A6600F02DFF0446104B1B6813F0007F0A
:10248C000ED100F025FF001B0228F5D9032010E027
:10249C000A4A536823F40033A1680B435360DCE70A
:1024AC00002006E0002004E0012002E0012000E012
:1024BC00002002B070BD0120FBE700BF00100240FD
:1024CC000000424286B0174B0FCB0DF1180C0CE9F3
:1024DC000F0040F20123ADF80430134B5B6803F09E
:1024EC000C02082A02D0114806B07047C3F383428D
:1024FC0018326A4412F8100C13F4803F0DD00A4BBA
:10250C005B68C3F3404318336B4413F8142C074B2C
:10251C00B3FBF2F303FB00F0E6E7054B03FB00F023
:10252C00E2E700BFE88400080010024000127A00C5
:10253C0000093D0070B504460D46594B1B6803F06D
:10254C0007038B420BD2564A136823F007030B4345
:10255C001360136803F007038B4240F09A802368E2
:10256C0013F0020F06D04F4A536823F0F003A16812
:10257C000B435360236813F0010F52D06368012B97
:10258C0023D0022B28D0474A126812F0020F00F019
:10259C00828044494A6822F0030213434B6000F0E6
:1025AC0097FE06466368012B1DD0022B2AD03D4BAB
:1025BC005B6813F00C0F34D000F08AFE831B41F2E1
:1025CC0088329342F3D9032062E0364A126812F43F
:1025DC00003FDED101205BE0324A126812F0007F2E
:1025EC00D7D1012054E02F4B5B6803F00C03042B74
:1025FC0017D000F06DFE831B41F288329342F2D962
:10260C00032045E0274B5B6803F00C03082B08D034
:10261C0000F05EFE801B41F288339842F2D9032011
:10262C0036E01F4B1B6803F00703AB420AD91C4A68
:10263C00136823F007032B431360136803F007039D
:10264C00AB422AD1236813F0040F06D0154A536805
:10265C0023F4E063E1680B435360236813F0080F25
:10266C0007D0104A536823F46053216943EAC1032D
:10267C005360FFF727FF0B4B5B68C3F303130A4A46
:10268C00D35CD840094B1860002000F0F1FD00200D
:10269C0070BD0120FCE70120FAE70120F8E700BF3C
:1026AC0000200240001002400C8600085C00002054
:1026BC00014B1868704700BF5C00002008B5FFF79D
:1026CC00F7FF044B5B68C3F30223034AD35CD84087
:1026DC0008BD00BF001002400486000808B5FFF7D3
:1026EC00E7FF044B5B68C3F3C223034AD35CD840B7
:1026FC0008BD00BF001002400486000830B4036A15
:10270C0023F001030362036A4268846924F0730CAA
:10271C000C6844EA0C0423F0020C8B6843EA0C03AB
:10272C00114DA84203D005F50065A84205D123F050
:10273C000803CD682B4323F004030B4DA84203D0B0
:10274C0005F50065A84207D122F440724D6945EAAF
:10275C00020C8A6942EA0C02426084614A68426354
:10276C00036230BC704700BF002C014030B4036AD8
:10277C0023F480730362036A4268C46924F0730C07
:10278C000C6844EA0C0523F400738C6843EA0423B8
:10279C00114CA04203D004F50064A04206D123F4EE
:1027AC000063CC6843EA042323F480630A4CA04200
:1027BC0003D004F50064A04207D122F440524C69C6
:1027CC0042EA04128C6942EA04124260C5614A680A
:1027DC00C263036230BC7047002C014030B4036A02
:1027EC0023F480530362036A4468C26922F4E6420C
:1027FC000D6842EA052223F400538D6843EA053341
:10280C00094DA84203D005F50065A84204D124F473
:10281C0080444D6944EA85144460C2614A6802648C
:10282C00036230BC704700BF002C014010B4036A37
:10283C00046A24F001040462846924F0F00C4CEA6C
:10284C00021223F00A030B438261036210BC70472F
:10285C0010B4036A23F0100303628469036A24F43E
:10286C00704C4CEA023223F0A00343EA011382615C
:10287C00036210BC704710B4846824F47F4C42EAA5
:10288C0003220A4342EA0C02826010BC704710B566
:10289C000468A26822F070024B68134323F007030C
:1028AC000A681A43A2604B68602B24D009D8402BCD
:1028BC0010D0502B0DD10A6989680068FFF7B6FF5C
:1028CC0007E0702B05D10B698A68C9680068FFF7AF
:1028DC00D2FF10BD03681C6A1A6A22F001021A6248
:1028EC000268936923F0F003096943EA01139361C9
:1028FC0003681C62EDE70A6989680068FFF7A8FFA6
:10290C00E7E7704738B590F83C30012B18D00446F7
:10291C00012580F83C50022380F83D30FFF7B7FFCB
:10292C002268D36823F04003D3602268D36823F471
:10293C008043D36084F83D50002084F83C0038BDBF
:10294C000220FCE70368244A904212D002F5006290
:10295C0090420ED0B0F1804F0BD0A2F5983290423D
:10296C0007D002F58062904203D002F5806290425B
:10297C0003D123F070034A681343174A904212D0D4
:10298C0002F5006290420ED0B0F1804F0BD0A2F550
:10299C009832904207D002F58062904203D002F543
:1029AC008062904203D123F44073CA68134323F02E
:1029BC0080034A691A4302608B68C3620B688362A6
:1029CC00054B984203D003F50063984201D10B6983
:1029DC000363012343617047002C0140B0B110B573
:1029EC00044690F83D3063B1022384F83D30214613
:1029FC0051F8040BFFF7A6FF012384F83D300020AB
:102A0C0010BD80F83C30FFF77CFFEDE701207047EC
:102A1C0030B4036A23F010030362036A44688269CA
:102A2C0022F4E6420D6842EA052223F020038D6869
:102A3C0043EA0513114DA84203D005F50065A842E1
:102A4C0006D123F08003CD6843EA051323F040033D
:102A5C000A4DA84203D005F50065A84207D124F41D
:102A6C0040644D6944EA85048D6944EA85044460F8
:102A7C0082614A688263036230BC7047002C01405B
:102A8C0038B590F83C30012B66D004460D46012336
:102A9C0080F83C30022380F83D300C2A1AD8DFE84D
:102AAC0002F00719191920191919341919194700A5
:102ABC000068FFF723FE2268936943F008039361D3
:102ACC002268936923F0040393612268936929694E
:102ADC000B439361012384F83D30002084F83C00C3
:102AEC0038BD0068FFF794FF2268936943F40063D4
:102AFC0093612268936923F48063936122689369DC
:102B0C00296943EA01239361E4E70068FFF72EFE8D
:102B1C002268D36943F00803D3612268D36923F098
:102B2C000403D3612268D36929690B43D361D1E7CC
:102B3C000068FFF753FE2268D36943F40063D36146
:102B4C002268D36923F48063D3612268D36929692D
:102B5C0043EA0123D361BDE70220C1E74FF0010C2A
:102B6C000CFA01FC036A23EA0C030362036A8A4031
:102B7C00134303627047000010B50446012200683D
:102B8C00FFF7ECFF2368094A934203D002F5006279
:102B9C00934203D15A6C42F400425A64226813687F
:102BAC0043F001031360002010BD00BF002C014056
:102BBC004FF0040C0CFA01FC036A23EA0C030362C9
:102BCC00036A8A4013430362704710B5044604221B
:102BDC000068FFF7EDFF2268536C43F40043536425
:102BEC002268136843F001031360002010BD0246F5
:102BFC0090F83C30012B21D0012380F83C30CB687D
:102C0C0023F440738868034323F4806348680343C8
:102C1C0023F400630868034323F4805308690343D7
:102C2C0023F4005348690343896923F440430B435D
:102C3C0011684B64002082F83C00704702207047FA
:102C4C0090F83C20012A22D030B40346012083F8AE
:102C5C003C00022283F83D201C68626822F070025E
:102C6C0062601C6862680D682A4362601C68A26816
:102C7C0022F08002A2601C68A26849680A43A26024
:102C8C0083F83D00002083F83C0030BC70470220E4
:102C9C007047000090F82420012A25D08CB0034600
:102CAC00012280F82420114A00920268906810F0EA
:102CBC00010F07D10D48806810F0010F02D10C48AC
:102CCC00824209D09A6A42F020029A6201200022C4
:102CDC0083F824200CB07047506820F470200968E9
:102CEC00014351600020F2E70220704700280140A8
:102CFC0000240140002808DB0901C9B200F1604042
:102D0C0000F5614080F80013704700F00F000901D6
:102D1C00C9B2014B1954704714ED00E000B500F036
:102D2C000700C0F1070CBCF1040F28BF4FF0040CD6
:102D3C00031D062B0FD9C31E4FF0FF3E0EFA0CF0ED
:102D4C0021EA000199400EFA03FE22EA0E0241EA42
:102D5C0002005DF804FB0023EEE70000074AD3688D
:102D6C0023F4E0631B041B0C000200F4E06003433B
:102D7C0043F0BF6343F40033D360704700ED00E0D1
:102D8C0010B50446054BD868C0F30220FFF7C6FF08
:102D9C0001462046FFF7AEFF10BD00BF00ED00E07E
:102DAC0000F01F02400901239340024A42F82030F0
:102DBC00704700BF00E100E00138B0F1807F0BD21A
:102DCC004FF0E0235861054AF02182F823100020CF
:102DDC00986107221A6170470120704700ED00E0EE
:102DEC00042806D04FF0E022136923F0040313618A
:102DFC0070474FF0E022136943F0040313617047EE
:102E0C00704708B5FFF7FCFF08BD0000064B002219
:102E1C00DA61064B1A6942F004021A611A6942F02F
:102E2C0040021A61704700BF40030020002002409E
:102E3C00064B0022DA61064B1A6942F002021A6153
:102E4C0058611A6942F040021A6170474003002031
:102E5C0000200240264B1B7E012B46D070B5054648
:102E6C000E46234B01221A760368022B20D04CF21B
:102E7C005030FFF79DF890BB4FF0FF333360AC68D8
:102E8C000121EA68AB6803EBC223A34228D9204690
:102E9C00FFF7CEFF4CF25030FFF78AF8154A136952
:102EAC0023F0020313610146B8B904F50064E8E7A6
:102EBC004CF25030FFF77CF808B1012110E00120F2
:102ECC00FFF7A4FF4CF25030FFF772F80146094AA5
:102EDC00136923F00403136102E0346000E0012164
:102EEC00034B00221A76084670BD02210846704733
:102EFC00400300200020024070B582B00024A4469C
:102F0C00ABE0854DAA420CD013D8A5F58015AA428A
:102F1C0007D005F57025AA4203D0A5F58015AA4265
:102F2C0010D18A68002A62D0012A5BD04361082440
:102F3C0008E07A4DAA42F4D005F58035AA4201D1B9
:102F4C00EFE7CC68BEF1FF0F53D806464FEA8C0270
:102F5C0033680F25954023EA050304FA02F2134364
:102F6C0033604B6813F0805F75D06D4B9A6942F0FB
:102F7C0001029A619B6903F001030193019B4FEAE3
:102F8C009C02951C674B53F825600CF00305AD00B3
:102F9C000F23AB4026EA0306634B984230D003F56F
:102FAC008063984200F0968003F58063984200F0AD
:102FBC00938003F58063984200F0908003F5806362
:102FCC00984200F08D8003F58063984216D006235A
:102FDC0017E0CC680434B5E7CC680834B2E7CC68A9
:102FEC000C34AFE703610824ACE70024AAE70424FF
:102FFC00A8E7061DACF108029200A9E7052300E042
:10300C000023AB4033430232464D45F822304B6827
:10301C0013F4803F66D0454A136843EA0E031360ED
:10302C004B6813F4003F63D0404A536843EA0E03E5
:10303C0053604B6813F4801F60D03C4A936843EA9A
:10304C000E0393604B6813F4001F5DD0374AD368AE
:10305C0043EA0E03D3600CF1010CBCF10F0F59D8ED
:10306C00012303FA0CF30A6802EA030E33EA0202A4
:10307C00F1D14A68122A3FF644AF122A3FF662AFEA
:10308C0001A555F822F000BF2F2F00084F2F000884
:10309C00E52F0008F72F0008512F0008512F0008CA
:1030AC00512F0008512F0008512F0008512F0008F4
:1030BC00512F0008512F0008512F0008512F0008E4
:1030CC00512F0008512F0008512F0008DF2F000846
:1030DC00EB2F0008012394E7022392E7032390E7E8
:1030EC0004238EE7114A136823EA0E03136097E753
:1030FC000E4A536823EA0E0353609AE70B4A93680F
:10310C0023EA0E0393609DE7084AD36823EA0E0373
:10311C00D360A0E702B070BD000022100000311097
:10312C000010024000000140000801400004014072
:10313C008368194201D001207047002070470AB102
:10314C0001617047090401617047C3685940C1604F
:10315C007047000070B582B00446036813F0010F8D
:10316C0036D03F4BDB6913F0805F49D13C4BDA69B9
:10317C0042F08052DA61DB6903F080530193019BCA
:10318C000125384B1B6813F4807F3BD0344B1B6AF2
:10319C0013F4407313D0626802F440729A420ED05A
:1031AC002F4A136A23F440702F490126C1F840645A
:1031BC000026C1F84064106213F0010F36D1284A82
:1031CC00136A23F4407361680B431362002D3ED1E4
:1031DC00236813F0020F06D0214A536823F44043AE
:1031EC00A1680B435360236813F0100F34D01C4AB2
:1031FC00536823F4800361690B43536000202CE077
:10320C000025BEE7174A136843F48073136000F07F
:10321C005FF80646134B1B6813F4807FB6D100F0A1
:10322C0057F8801B6428F5D9032016E000F050F8FD
:10323C0006460B4B1B6A13F0020FC0D100F048F886
:10324C00801B41F288339842F3D9032005E0D369FF
:10325C0023F08053D361BBE7002002B070BD00BFE8
:10326C000010024000700040000042427047000015
:10327C0010B50446074B1868074BA3FB00308009B8
:10328C00FFF79AFD002221464FF0FF30FFF778FD43
:10329C00002010BD5C000020D34D621008B5074A19
:1032AC00136843F0100313600320FFF757FD002051
:1032BC00FFF7DEFFFFF7DAFF002008BD0020024019
:1032CC00024A136801331360704700BF600300208B
:1032DC00014B1868704700BF6003002030B583B005
:1032EC000190FFF7F5FF0546019CB4F1FF3F00D0BC
:1032FC000134FFF7EDFF401BA042FAD303B030BD01
:10330C007047000030B482B00022019290F8242063
:10331C00012A00F08F800346012280F824204A689D
:10332C00062A2DD80468606B02EB8202053A4FF036
:10333C001F0C0CFA02FC20EA0C000D6805FA02F2D4
:10334C00024362630A68092A38D91C68E06802EBF8
:10335C0042021E3A4FF0070C0CFA02FC20EA0C0059
:10336C008D6805FA02F20243E2600A68103A012AFB
:10337C0034D90020002283F8242002B030BC7047DE
:10338C000C2A0DD80568286B02EB8202233A1F2405
:10339C00944020EA04000C68944020432863D1E751
:1033AC000568E86A02EB8202413A1F24944020EA45
:1033BC0004000C6894402043E862C3E71C68206951
:1033CC0002EB42024FF0070C0CFA02FC20EA0C0054
:1033DC008D6805FA02F202432261C6E71A681648A4
:1033EC00824205D09A6A42F020029A620120C1E71B
:1033FC00906810F4000F1BD1906840F400009060AE
:10340C000A68102A01D00020B4E70C4A12680C4953
:10341C00A1FB0212920C02EB82025200019202E01A
:10342C00019A013A0192019A002AF9D10020A1E7F0
:10343C0000209FE70220A0E7002401405C00002050
:10344C0083DE1B4330B583B00023019303689A6875
:10345C0012F0010F2ED104469A6842F001029A60D4
:10346C00164B1B68164AA2FB03239B0C019302E02C
:10347C00019B013B0193019B002BF9D1FFF728FF26
:10348C00054623689B6813F0010F11D1FFF720FF4D
:10349C00431B022BF5D9A36A43F01003A362E36A22
:1034AC0043F00103E362002384F82430012002E09E
:1034BC00002000E0002003B030BD00BF5C00002005
:1034CC0083DE1B4390F82430012B68D010B50446E2
:1034DC00012380F82430FFF7B5FF00285BD1A36AE5
:1034EC0023F4407323F0010343F48073A362236835
:1034FC002C4A934227D0A26A22F48012A2625A6804
:10350C0012F4806F05D0A26A22F4405242F4805229
:10351C00A262A26A12F4805F2BD0E26A22F0060249
:10352C00E262002284F824206FF002021A60236801
:10353C009A6802F46022B2F5602F1DD09A6842F4AA
:10354C0080129A602AE0A2F58062526812F4702F01
:10355C00D1D0A26A42F48012A262134A526812F4C9
:10356C00806FD6D0A26A22F4405242F48052A262FA
:10357C00CFE70022E262D4E70A4A934204D09A6869
:10358C0042F4A0029A6009E0A2F58062526812F43B
:10359C00702FD3D1F3E7002384F8243010BD022020
:1035AC00704700BF002801400024014038B5036873
:1035BC009A6812F0010F01D1002038BD04469A68B8
:1035CC0022F001029A60FFF783FE054623689B6890
:1035DC0013F0010F0ED0FFF77BFE431B022BF5D926
:1035EC00A36A43F01003A362E36A43F00103E362AE
:1035FC000120E2E70020E0E7002800F08680F8B523
:10360C000446836A002B50D02046FFF7CFFFA36AF5
:10361C0013F0100373D1002871D1A26A22F48852DE
:10362C0022F0020242F00202A26262682668384965
:10363C008E4240D0E1690A43E16842EA4102A56842
:10364C00B5F5807F02D0012D3CD01D466769012F56
:10365C003BD0716821F46941294371602568AE68DB
:10366C002C4931401143A960A168B1F5807F01D08C
:10367C00012902D12369013B1B052568E96A21F464
:10368C0070010B43EB6223689968234B0B409A4201
:10369C002CD0A36A23F0120343F01003A362E36A55
:1036AC0043F00103E36201202EE0C36280F8243072
:1036BC00FFF726FEA8E7E169B1F5402FBBD14FF427
:1036CC000021B8E74FF48075C0E731B9A169013921
:1036DC0045EA413141F40065BBE7A16A41F02001A4
:1036EC00A162E16A41F00101E162B2E70023E36209
:1036FC00A36A23F0030343F00103A36204E0A36A6B
:10370C0043F01003A3620120F8BD0120704700BFF5
:10371C00003C0140FDF7E1FFFE0E1FFF0268D3687D
:10372C0023F0C003D360202380F83930704702683F
:10373C00D36823F49073D3600268536923F00103B8
:10374C005361202380F83A30704790F83930DBB25F
:10375C00212B01D0022070478368B3F5805F17D00E
:10376C00036A5A1C02621A7803685A60C38C9BB2B3
:10377C00013B9BB2C3844BB90268D36823F080032E
:10378C00D3600268D36843F04003D36000207047D5
:10379C00036A1B880268C3F30803536003691BB9EF
:1037AC00036A02330362E1E7036A01330362DDE774
:1037BC002DE9F04104460268136923F44053C168B3
:1037CC000B43136183680269134342691343016815
:1037DC00CA6822F4B05222F00C021343CB60026888
:1037EC00536923F4407381690B4353610268574B4F
:1037FC009A4255D0FEF762FF00EB800000EB800090
:10380C0063689B00B0FBF3F5514FA7FB05356D09C1
:10381C002E01FEF753FF00EB800000EB8000636885
:10382C009B00B0FBF3F5FEF749FF00EB800000EBCB
:10383C00800063689B00B0FBF3F0A7FB00304009ED
:10384C004FF0640808FB10531B013233A7FB032312
:10385C005B0903F0F003F518FEF730FF00EB800076
:10386C0000EB800063689B00B0FBF3F6FEF726FFCD
:10387C0000EB800000EB800063689B00B0FBF3F072
:10388C00A7FB0030400908FB10631B013233A7FB78
:10389C000373C3F3431322681D449560BDE8F081A4
:1038AC00FEF71CFF00EB800000EB800063689B00C0
:1038BC00B0FBF3F5264FA7FB05356D092E01FEF77E
:1038CC000DFF00EB800000EB800063689B00B0FBF9
:1038DC00F3F5FEF703FF00EB800000EB800063685C
:1038EC009B00B0FBF3F0A7FB003040094FF06408DD
:1038FC0008FB10531B013233A7FB03235B0903F0B6
:10390C00F003F518FEF7EAFE00EB800000EB8000F8
:10391C0063689B00B0FBF3F6FEF7E0FE00EB800063
:10392C0000EB800063689B00B0FBF3F0A7FB00305A
:10393C00400908FB10631B013233A7FB0373C3F36D
:10394C00431322681D449560A8E700BF003801406E
:10395C001F85EB5158B310B5044690F839300BB3B2
:10396C00242384F839302268D36823F40053D360BD
:10397C002046FFF71DFF2268136923F4904313615F
:10398C002268536923F02A0353612268D36843F4F5
:10399C000053D3600020E063202384F8393084F88E
:1039AC003A3010BD80F8383000F034FDD8E70120F3
:1039BC007047000038B5134690F83920D2B2202A4F
:1039CC0030D1044600292FD0002B2FD090F838206E
:1039DC00012A2DD0012280F8382001628384C3840F
:1039EC000025C563212280F83920026B11489062B2
:1039FC00226B1148D062226B10481063226B556306
:103A0C0022680432206B00F037FA23686FF0400212
:103A1C001A6084F838502268536943F0800353616C
:103A2C00284600E0022038BD0120FCE70120FAE71F
:103A3C000220F8E7F73A0008433B0008393C00083D
:103A4C0030B583B0044690F83A00C0B220283CD17F
:103A5C0000293DD0002A3DD094F83830012B3BD0C2
:103A6C00012384F83830A162A2850025E563222366
:103A7C0084F83A30636B19489862636B1848D862C3
:103A8C00636B18481863636B5D63206813460A46C2
:103A9C00011D606B00F0F0F9019523681A68019222
:103AAC005A680192019A84F83850DA6842F48072AC
:103ABC00DA602268536943F0010353612268536949
:103ACC0043F040035361284600E0022003B030BDB0
:103ADC000120FBE70120F9E70220F7E74F3B000844
:103AEC002D3C0008393C0008704708B50346406A75
:103AFC001B681B6813F0200F0CD10023C3840268D1
:103B0C00536923F0800353610268D36843F0400388
:103B1C00D36008BDFFF7E8FFFBE708B50168CA688A
:103B2C0022F04002CA60202280F83920FFF7DCFF27
:103B3C00002008BD704708B5406AFFF7FBFF08BDC1
:103B4C00704708B50346406A1B681B6813F0200FCA
:103B5C0013D10023C3850268D36823F48073D36028
:103B6C000268536923F0010353610268536923F01F
:103B7C0040035361202380F83A30FFF7E1FF08BD82
:103B8C0008B590F83A30DBB2222B46D18368B3F5F6
:103B9C00805F0FD003690BBB03685A68836A591C9A
:103BAC0081621A70C38D9BB2013B9BB2C385F3B18A
:103BBC00002008BD826A036943B903685B68C3F3DC
:103BCC0008031380836A02338362EBE703685B6844
:103BDC00DBB21380836A01338362E3E703685B68BB
:103BEC00826A511C816203F07F031370DAE702686A
:103BFC00D36823F02003D3600268D36823F4807366
:103C0C00D3600268536923F001035361202380F8C9
:103C1C003A30FFF795FF0020CBE70220C9E7704749
:103C2C0008B5406AFFF7FBFF08BD704710B5446A42
:103C3C0023685A6994F83930DBB2212B10D02368F1
:103C4C005A6902F0400294F83A30DBB2222B11D0C0
:103C5C00E36B43F01003E3632046FFF7E6FF10BD70
:103C6C0002F08002002AEAD00023E3842046FFF70A
:103C7C0055FDE4E7002AEBD00023E3852046FFF74F
:103C8C0056FDE5E710B5044602681368D168526921
:103C9C0013F00F0F08D113F0200F0BD011F0200FE1
:103CAC0008D0FFF76DFF11E012F001020FD111F4F3
:103CBC00907F0CD113F0800F02D011F0800F65D1E2
:103CCC0013F0400F02D011F0400F63D110BD13F070
:103CDC00010F06D011F4807F03D0E06B40F001009F
:103CEC00E06313F0040F04D01AB1E06B40F0020053
:103CFC00E06313F0020F04D01AB1E06B40F0040043
:103D0C00E06313F0080F04D01AB1E26B42F0080222
:103D1C00E263E26B002AD9D013F0200F02D011F02D
:103D2C00200F21D123685B6903F04003E26B12F092
:103D3C00080F00D123B32046FFF7F9FC23685A691A
:103D4C0012F0400F18D05A6922F040025A61636B8E
:103D5C0073B1124A5A63606B00F0C8F80028B5D0F2
:103D6C00606B436B9847B1E72046FFF709FFD9E733
:103D7C002046FFF75AFFA9E72046FFF756FFA5E7B5
:103D8C002046FFF752FF0023E3639FE72046FFF72F
:103D9C00DCFC9BE72046FFF7C0FE97E7AD3D000833
:103DAC0008B5406A0023C385C384FFF73EFF08BDF6
:103DBC0030B40124056CAC40C56B6C600468636066
:103DCC004368102B05D0036899600368DA6030BC37
:103DDC00704703689A600368D960F8E700283CD004
:103DEC0010B4034601681E4A91422BD81D4A0A445E
:103DFC001D48A0FB0202120992001A641B4ADA63E6
:103E0C00022283F8212008686FF30D105A689C6811
:103E1C002243DC6822431C6922435C6922439C696F
:103E2C002243DC69224302430A6000209862D86274
:103E3C00186358639863012283F8212083F82000CB
:103E4C0010BC70470A4A0A440748A0FB0202120938
:103E5C0092001A64074ADA63D2E70120704700BF68
:103E6C0007040240F8FFFDBFCDCCCCCC00000240D3
:103E7C00F8FBFDBF0004024038B5044690F8200062
:103E8C00012831D0012084F8200094F82100012869
:103E9C0004D0002384F82030022038BD022084F89E
:103EAC0021000020A0632568286820F0010028600C
:103EBC002046FFF77DFFE36A5BB12268136843F08D
:103ECC000E0313602268136843F001031360002093
:103EDC00E3E72268136823F0040313602268136875
:103EEC0043F00A031360EDE70220D6E708B590F81B
:103EFC002130022B03D004238363012008BD026808
:103F0C00136823F00E0313600268136823F0010397
:103F1C00136003684B4A93424ED9783A934224D0AB
:103F2C001432934230D0143293422FD01432934235
:103F3C002FD0143293422FD0143293422FD01432FC
:103F4C0093422FD002F5627293422ED014329342D8
:103F5C002DD0143293422CD01432934202D04FF411
:103F6C00803203E04FF4805200E00122364B5A605D
:103F7C00012380F82130002380F82030436B002B84
:103F8C005ED098470020B9E71022EFE74FF480721B
:103F9C00ECE74FF48052E9E74FF48032E6E74FF458
:103FAC008012E3E74FF08072E0E70122DEE7102297
:103FBC00DCE74FF48072D9E7244A934224D01432C0
:103FCC00934225D01432934224D01432934224D0FD
:103FDC001432934224D01432934224D0143293429C
:103FEC0024D002F56272934223D01432934222D031
:103FFC001432934221D01432934202D04FF48032C7
:10400C0003E04FF4805200E00122114B5A60AFE7FD
:10401C001022FAE74FF48072F7E74FF48052F4E77E
:10402C004FF48032F1E74FF48012EEE74FF08072DC
:10403C00EBE70122E9E71022E7E74FF48072E4E7AF
:10404C0000205BE7800002400004024008000240B0
:10405C000000024038B5C36B1A6804682568016C0F
:10406C0004238B40134200F09B8015F0040F00F0EA
:10407C009780236813F0200F03D1236823F00403E7
:10408C00236003689A4A934246D9783A934224D0E3
:10409C001432934228D01432934227D014329342D4
:1040AC0027D01432934227D01432934227D01432A3
:1040BC00934227D002F56272934226D01432934277
:1040CC0025D01432934224D01432934202D04FF4B0
:1040DC00802203E04FF4804200E00422854B5A60BA
:1040EC00C36A03B1984738BD4022F7E74FF48062AA
:1040FC00F4E74FF48042F1E74FF48022EEE74FF4FF
:10410C008002EBE74FF08062E8E70422E6E740220A
:10411C00E4E74FF48062E1E7774A934224D014320B
:10412C00934225D01432934224D01432934224D09B
:10413C001432934224D01432934224D0143293423A
:10414C0024D002F56272934223D01432934222D0CF
:10415C001432934221D01432934202D04FF4802275
:10416C0003E04FF4804200E00422644B5A60B7E74E
:10417C004022FAE74FF48062F7E74FF48042F4E70D
:10418C004FF48022F1E74FF48002EEE74FF08062AB
:10419C00EBE70422E9E74022E7E74FF48062E4E72B
:1041AC0002238B40134200F0AB8015F0020F00F09D
:1041BC00A780236813F0200F06D1236823F00A038D
:1041CC002360012380F821300368494A93424BD97C
:1041DC00783A934224D0143293422DD01432934225
:1041EC002CD0143293422CD0143293422CD0143253
:1041FC0093422CD0143293422CD002F5627293422B
:10420C002BD0143293422AD01432934229D0143238
:10421C00934202D04FF4003203E04FF4005200E01E
:10422C000222344B5A60002380F82030836A002B22
:10423C003FF459AF984756E72022F2E74FF400724B
:10424C00EFE74FF40052ECE74FF40032E9E74FF49C
:10425C000012E6E74FF00072E3E70222E1E72022CA
:10426C00DFE74FF40072DCE7234A934224D0143288
:10427C00934225D01432934224D01432934224D04A
:10428C001432934224D01432934224D014329342E9
:10429C0024D002F56272934223D01432934222D07E
:1042AC001432934221D01432934202D04FF4003294
:1042BC0003E04FF4005200E00222104B5A60B2E7C8
:1042CC002022FAE74FF40072F7E74FF40052F4E7BC
:1042DC004FF40032F1E74FF40012EEE74FF00072AA
:1042EC00EBE70222E9E72022E7E74FF40072E4E76C
:1042FC00800002400004024008000240000002401E
:10430C0008238B4013423FF4EEAE15F0080F3FF438
:10431C00EAAE236823F00E032360026CC16B012309
:10432C0003FA02F24A60836380F82130002380F89C
:10433C002030036B002B3FF4D6AE9847D3E600BF7A
:10434C00154B1A6842F001021A605968134A0A4068
:10435C005A601A6822F0847222F480321A601A6849
:10436C0022F480221A605A6822F4FE025A604FF43A
:10437C001F029A600A4B4FF000629A60094B1A6850
:10438C0022F007021A601A6842F002021A601A68D8
:10439C0042F010021A607047001002400000FFF853
:1043AC0000ED00E00020024000B583B0164B5A69C6
:1043BC0042F001025A615B6903F001030193019B16
:1043CC00002201210C20FEF7DBFC0C20FEF7E8FCA0
:1043DC00002201210D20FEF7D3FC0D20FEF7E0FC9E
:1043EC000A480B4B03604FF4E133436000238360B6
:1043FC00C36003610C2242618361C361FFF7AAFAB7
:10440C0003B05DF804FB00BF0010024088040020DC
:10441C00004800402DE9F04188B004460023049385
:10442C0005930693079303685F4A934205D05F4A4E
:10443C0093425CD008B0BDE8F0815D4BDA6942F480
:10444C000032DA61DA6902F400320092009A9A6959
:10445C0042F004029A619B6903F004030193019BEF
:10446C00042304930223059303230793514E04A9B9
:10447C003046FEF741FD08230493002505950127DE
:10448C00069704A93046FEF737FD4B4E4B4B336075
:10449C007560B5604FF08008C6F80C8035617561A9
:1044AC002023B361F5613046FFF798FC66637462B4
:1044BC00434E444B336010237360B560C6F80C80D8
:1044CC0035617561B561F5613046FFF787FC266390
:1044DC0074622A4639462620FEF752FC2620FEF747
:1044EC005FFC2268D36843F01003D360A2E7304B23
:1044FC00DA6942F48022DA61DA6902F480220292EB
:10450C00029A9A6942F008029A619B6903F00803C7
:10451C000393039B4FF480630493022305930323BB
:10452C000793294E04A93046FEF7E6FC4FF40063CE
:10453C000493002505950127069704A93046FEF73C
:10454C00DBFC224E224B33607560B5604FF0800867
:10455C00C6F80C80356175612023B361F561304676
:10456C00FFF73CFC666374621A4E1B4B33601023DE
:10457C007360B560C6F80C8035617561B561F56125
:10458C003046FFF72BFC266374622A4639462720F7
:10459C00FEF7F6FB2720FEF703FC2268D36843F0F6
:1045AC001003D36046E700BF0044004000480040C1
:1045BC000010024000080140440400206C0002403E
:1045CC000004002080000240000C0140BC030020CD
:1045DC0030000240780300201C0002402DE9F04F0F
:1045EC0089B0864B9A6942F004029A619A6902F08A
:1045FC0004020192019A9A6942F008029A619A693E
:10460C0002F008020292029A9A6942F010029A6130
:10461C009B6903F010030393039B4FF00009CDF843
:10462C001490CDF81890022707974FF0200ACDF878
:10463C0010A0734E04A93046FEF75EFC4023049391
:10464C0004A93046FEF758FC4FF0800BCDF810B0A3
:10465C0004A93046FEF750FC4FF480620492694C7A
:10466C0004A92046FEF748FC4FF40063049304A908
:10467C002046FEF741FC4FF48055049504A92046D2
:10468C00FEF73AFC4FF00108CDF81880049505F1BF
:10469C00804505F5784504A92846FEF72DFCCDF894
:1046AC001890049704A92846FEF726FCCDF8148030
:1046BC004FF00409CDF8109004A93046FEF71CFC0D
:1046CC00102104910DEB010001462846FEF714FC65
:1046DC00CDF810A004A801462846FEF70DFC0323D4
:1046EC000593CDF8108004A801462046FEF704FC83
:1046FC00CDF8108004A801462846FEF7FDFB0820E3
:10470C0004900DF1100C61462046FEF7F5FB049762
:10471C000DF1100C61462046FEF7EEFB10210491C2
:10472C0069442046FEF7E8FBCDF810A004A920460A
:10473C00FEF7E2FBCDF8109004A92046FEF7DCFB57
:10474C000820049004A92846FEF7D6FBCDF810905B
:10475C0004A92846FEF7D0FB05974023049304A92F
:10476C002046FEF7C9FBCDF810B004A92046FEF791
:10477C00C3FB4FF48079CDF8109004A92046FEF7C6
:10478C00BBFBCDF810B004A92846FEF7B5FBCDF85D
:10479C00108004A93046FEF7AFFB049704A93046FD
:1047AC00FEF7AAFBCDF8109004A92846FEF7A4FB4F
:1047BC004FF40073049304A92846FEF79DFB4FF4B5
:1047CC008062049204A92846FEF796FB4FF400532E
:1047DC00049304A93046FEF78FFB4FF480430493F7
:1047EC0004A93046FEF788FB4FF40043049304A958
:1047FC003046FEF781FB09B0BDE8F08F0010024097
:10480C00000C0140001001402DE9F04F99B07B4B9A
:10481C009A6942F400629A619A6902F40062019208
:10482C00019A9A6942F400529A619B6903F400530D
:10483C000293029B724EDFF8CC91C6F800900024D4
:10484C0074604FF0200AC6F808A04FF4FA6BC6F853
:10485C000CB034617461B4613046FEF7BFF81023BC
:10486C001693179416A93046FEF7EAF960230F93B6
:10487C001094119408271297139414944FF4007207
:10488C00159222460FA93046FEF7FAF804220FA91A
:10489C003046FEF7F5F83A460FA93046FEF7F0F829
:1048AC004FF4006108914FF4806009900A94302510
:1048BC000B950C940D940E940DEB0A0C614630463E
:1048CC00FEF795F9504DDFF84481C5F800806C6017
:1048DC00C5F808A0C5F80CB02C616C61AC61284619
:1048EC00FEF77CF8CDF858A0802317930DF1580CE7
:1048FC0061462846FEF7A4F904940523039303A903
:10490C002846FDF7FFFF5023C8F8243060230F938F
:10491C00109411941297139414944FF400721592EE
:10492C0022460DF13C0C61462846FEF7A9F80422FC
:10493C000DF13C0C61462846FEF7A2F83A460DF103
:10494C003C0C61462846FEF79BF84FF40061089139
:10495C004FF4806009900A9430230B930C940D94BF
:10496C000E940DEB0A012846FEF741F9D8F84430B5
:10497C0023F40043C8F84430D9F8443023F40043FE
:10498C00C9F8443021462846FEF7F6F8042128469B
:10499C00FEF7F2F839462846FEF7EEF8214628468F
:1049AC00FEF713F904212846FEF70FF9394628467D
:1049BC00FEF70BF921463046FEF7DEF804213046AF
:1049CC00FEF7DAF839463046FEF7D6F8214630467F
:1049DC00FEF7FBF804213046FEF7F7F8394630466F
:1049EC00FEF7F3F82B6801221A633268136843F060
:1049FC000103136019B0BDE8F08F00BF0010024036
:104A0C0068050020002C01402805002000340140DE
:104A1C002DE9F04387B0434EB36943F40073B3619F
:104A2C00B36903F400730093009B3F4C3F4B23602E
:104A3C004FF48073A3600025E56065614FF440235B
:104A4C00E36165604FF00508C4F810802046FEF75E
:104A5C00D3FD374A536843F4802353604FF4C0238B
:104A6C00059305A92046FEF715F904950B27029727
:104A7C004FF00109CDF80C9002A92046FEF742FC3C
:104A8C00CDF8109002950223039302A92046FEF75D
:104A9C0039FC0E2302930323039302A92046FEF74D
:104AAC0031FC0C2302930423039302A92046FEF746
:104ABC0029FC0723049310230293CDF80C8002A940
:104ACC002046FEF71FFC2268936843F4000343F46E
:104ADC0080739360936843EA09039360736943EAB4
:104AEC0009037361736903EA09030193019B114B79
:104AFC009D60C3F80C80104A1A61104A5A6140F646
:104B0C00A2229A609A6842EA09029A602A462946C9
:104B1C003846FEF735F93846FEF742F907B0BDE8DE
:104B2C00F08300BF00100240F80400200024014074
:104B3C0000000140000002404C24014064030020AE
:104B4C00F0B585B0274B9A6942F480629A619B69F3
:104B5C0003F480630093009B234C244B23604FF49D
:104B6C008073A3600025E56065614FF46023E36109
:104B7C006560052626612046FEF73EFD03950A2357
:104B8C0001930125029501A92046FEF7BBFB039575
:104B9C000D2301930227029701A92046FEF7B2FBD1
:104BAC000F2301930325029501A92046FEF7AAFBCA
:104BBC000197042302930DEB03012046FEF7A2FBA1
:104BCC000195029601A92046FEF79CFB23689A6882
:104BDC0042F480729A609A6842F001029A6005B0C1
:104BEC00F0BD00BF00100240C804002000280140A6
:104BFC0070B5204C002384F8FB3084F8FA30022284
:104C0C0084F8F920012684F8FD6042F6E062A4F8ED
:104C1C00CE204FF47A51A4F8DA1084F8FE304FF419
:104C2C007A63A4F8D0304FF4C873A4F8CC30A4F84D
:104C3C00E010A4F8E220104D4FF480722146284673
:104C4C00FBF71AFB85F8FA600C4804600C4BC36048
:104C5C000C4B43600C4B83600C4C25600C4BE3609D
:104C6C000C4B63600C4BA36003F0A4FB204603F0D9
:104C7C00A1FB70BDD80000202C0700200C090020DF
:104C8C0050080020400800202C080020FC080020C0
:104C9C0080060020700600205C0600200C4B93F868
:104CAC00FE301BB90B4B93F8FE3043B10A4B4FF45B
:104CBC007A721A80094B4FF618421A807047064BCD
:104CCC004FF47A721A80054B4FF618421A807047CF
:104CDC00D80000202C070020500600204E06002093
:104CEC000268D36823F48073D3600268536923F09D
:104CFC00010353617047000010B5084B00221A7075
:104D0C00082405E0064B1C706420FEF7E7FA013C12
:104D1C00002CF7DA024B00221A7010BD640A002036
:104D2C00660A0020034B1870034B1970034B1A7062
:104D3C00704700BF640A0020660A0020650A002044
:104D4C0038B50025044B1D70044C20704FF4FA70DC
:104D5C00FEF7C4FA257038BD640A0020660A0020EC
:104D6C0038B50025044B1D70044C20706420FEF7F0
:104D7C00B5FA257038BD00BF640A0020660A002011
:104D8C000B4A002313800B4BB3F90A108BB2118022
:104D9C00094949895B1A1BB2138003EBD3735B106F
:104DAC001380002BB8BF5B42044A1380704700BFCE
:104DBC00560600202C0800205C060020540600201B
:104DCC0010B51A4B83FB00C44FEAE07ECEEBE41E19
:104DDC0083FB02434FEAE27CCCEBE3139E451BD0F2
:104DEC00124C84FB01C44FEAE17CCCEBE41C634520
:104DFC0015D0904215DC8A4215DBE6450AD0022418
:104E0C0064280ADD40F69A739A4206DC0220FFF70A
:104E1C0097FF02E00124F3E70024204610BD002494
:104E2C00FBE70024F9E70024F7E700BF1F85EB51EF
:104E3C002DE9F04788B0FFF7B7FA854C4022854939
:104E4C002046FEF7FDFD2046FFF74AFFFDF792F8DE
:104E5C0001F04AFD0DF11E017F4B188801F020FD79
:104E6C00BDF81E2041F209139A4201D00025CFE073
:104E7C00794E07A9708801F013FDBDF91C30774DF0
:104E8C00A5F8CE30764CA4F8CE3007A9B08801F046
:104E9C0007FDBDF91C30A5F8DA30A4F8DA304FF074
:104EAC00000870E04FEAC804E31C6B4F07A937F801
:104EBC00130001F0F5FC9DF81C30A4EB0802694DC1
:104ECC0005EB42052B71231D07A937F8130001F0E0
:104EDC00E7FCBDF91C30EB80631D07A937F8130004
:104EEC0001F0DEFCBDF91C302B81A31D07A937F89E
:104EFC00130001F0D5FCBDF91C306B81E31D07A933
:104F0C0037F8130001F0CCFC9DF81C30DFF85891F9
:104F1C00A4EB080609EB4606337108F1010A4FEAC7
:104F2C00CA0307A937F8130001F0BAFCBDF91C300D
:104F3C00F38004F1090307A937F8130001F0B0FC62
:104F4C00BDF91C30338104F10A0307A937F81300AB
:104F5C0001F0A6FCBDF91C307381B5F90A2031793A
:104F6C00B6F90600B6F90840049303940290019137
:104F7C000092B5F90830B5F9062029793B48FBF7C2
:104F8C0087FA5FFA8AF8B8F1010F8BD9FDF706F8AA
:104F9C0008B0BDE8F087334E06EB4206B6F90A209E
:104FAC00B6F90810B6F90600FFF70AFF307140E0B9
:104FBC002D4E06EB4206B6F90A20B6F90810B6F9E2
:104FCC000600FFF7FDFE3071C4EBC403254901EB6D
:104FDC004301B1F90A00244A02EB43031E79B3F9E9
:104FEC000670B3F90830C4EBC40402EB4402B2F906
:104FFC000A2004920393029701960090B1F90830AD
:10500C00B1F9062009791948FBF742FA0135EDB2DE
:10501C00012DBBD82C46C5EBC502124B03EB42034A
:10502C0059790329B7D0C5EBC5020E4B03EB4203EC
:10503C001971C4EBC4020C4B03EB420359790329DD
:10504C00B6D0C4EBC402084B03EB42031971BBE7A7
:10505C00880400200C060020640000202C0700208F
:10506C00D8000020A80000208C000020FC84000840
:10507C0070B504460E461546007910B960790328C0
:10508C0006D001280ED002281FD0002363801BE01D
:10509C00B4F90A20B4F90810B4F90600FFF790FE31
:1050AC00C0B2EEE7B4F90030B4F906105B1A05FB98
:1050BC0003F3B4F90A20521A93FBF2F39D4202DB7C
:1050CC0023EAE3731DB2658070BDB4F90030B4F906
:1050DC000820B4F90C10501A834206DD02EB010CC7
:1050EC00634502DA00236380EEE793420FDD0A4446
:1050FC009B1A05FB03F3B4F90A108A1A93FBF2F31B
:10510C009D4202DB23EAE3731DB26580DCE71B1AC8
:10511C0006FB03F3B4F90620121A93FBF2F3002BEF
:10512C0002DD00266680CFE79E42B8BF1E4636B22F
:10513C00F8E70000124B1B7873B9124AB2F80EC094
:10514C00C3EBC3004100104820F801C0508AC3EBE8
:10515C00C3014A000D498852012B00D070470C4AFC
:10516C00B2F902C0C3EBC3004100074820F801C0EC
:10517C00B2F90410C3EBC3035A00044B9952EDE788
:10518C005906002064030020A80000208C00002099
:10519C00BC05002008B5414B1B78002B36D140498B
:1051AC00C3EBC30042008818895EB0F90620C83AE8
:1051BC0091421FDBC3EBC3025000394A0244B2F9DF
:1051CC000A20C832914215DC3649C3EBC3004200B9
:1051DC008818895EB0F90620C83A91420ADBB0F90A
:1051EC000A30C833994205DC00232F4A13702F4A2A
:1051FC0013800BE02D4A1388591C1180632B05D9A1
:10520C00294B01221A70294B64221A80284A1388D0
:10521C00591C1180D12B2CD9264B01221A70244BEE
:10522C00D2221A800023244A13701C4A13701E4B7E
:10523C001B782BB9214B1B7813B9214B1B7803B36B
:10524C000022204B1A70154B1B78C3EBC30148008E
:10525C00134901444A80134B03445A800F4B1B786B
:10526C0013B1194A12788AB113B9174B1B788BB941
:10527C0008BD114B1B78003B18BF0123074A137064
:10528C00D5E7124B1A780F4B1A70E7E70820FFF797
:10529C0067FDEDE71220FFF763FDE9E759060020F3
:1052AC00A80000208C000020530600206200002083
:1052BC0060000020C4050020B1050020520600202B
:1052CC00A80500208A000020580600208B00002032
:1052DC0070B5264B1B78012B31D0FFF72BFF01202B
:1052EC00FDF7FCFF214C2378214E224DC3EBC30369
:1052FC005800B6F90020B5F900101F4B1844FFF701
:10530C00B7FE2378C3EBC3035800B6F90020B5F9F8
:10531C0000101A4B1844FFF7ABFEFFF73BFF237846
:10532C00ABB9C3EBC3035A00134B1344B3F90230AC
:10533C00322BD4BF00230123114A137070BD114BC3
:10534C001B78002BC9D1094B00221A70C5E7C3EB9F
:10535C00C3035A00094B1344B3F9023013F1320F53
:10536C00ACBF00230123064A1370E7E7590600205F
:10537C00500600204E060020A80000208C000020C3
:10538C00B0050020B105002010B1044A126802607B
:10539C00024B00221A600248704700BFC80500206B
:1053AC00CC05002003884AF6CD3C634500D07047FD
:1053BC0010B51BB2B0F902C083EA0C03B0F904E0DB
:1053CC0083EA0E039BB2C4889C4204D0022A01D00B
:1053DC00032A29D010BDBCF1000FB8BFCCF1000CD2
:1053EC001FFA8CF33BB9BEF1000FB8BFCEF1000E23
:1053FC001FFA8EF383B1046843680C604B60022A79
:10540C00E8D0032AE6D10023094A1370094A138015
:10541C00094B01221A70DDE7022ADBD0032AD9D10D
:10542C00054B00221A70D5E7034B00221A70D1E706
:10543C00C405002060000020B1050020F8B5022052
:10544C00FDF74CFF2C4B5B6B1B685C68C4F1400494
:10545C002A4B1D68A54209D018D2661B3246284932
:10546C0029442848FAF708FF274B1E60A54208D0AC
:10547C0002D2631B082B1BD0C5F140063319082B35
:10548C0023D01E4B1C60402C33D0F8BDC5F1400717
:10549C003E193A461A4929441A48FAF7EDFE002CEF
:1054AC00E2D02246164917483844FAF7E5FEDBE706
:1054BC00134AA918154E33465059496803C30322A1
:1054CC0013493046FFF76EFFDBE732460C4929449F
:1054DC000E48FAF7D1FE2CB903220D490B48FFF701
:1054EC0061FFCEE72246064908483044FAF7C4FE6D
:1054FC00F2E700221A60C8E788040020AC050020FF
:10550C000C060020CC050020C8050020B4050020A6
:10551C00BC050020704700002DE9F843384B1B7880
:10552C001BB9384B1B78002B68D0FCF723FD364C8D
:10553C0041F20911208801F061FB344DB5F9CE1010
:10554C0089B2608801F05AFBB5F9DA1089B2A088EB
:10555C0001F054FB00264DE0F400E01CA21B5300AC
:10556C002B4F1F44284D397935F8100001F046FBBC
:10557C00231DB7F9061089B235F8130001F03EFB74
:10558C00631DB7F9081089B235F8130001F036FB2A
:10559C00A31DB7F90A1089B235F8130001F02EFBE0
:1055AC00E21DDFF87080A31B5F004744397935F8A2
:1055BC00120001F023FB06F101094FEAC903B7F908
:1055CC00061089B235F8130001F018FB04F1090339
:1055DC00B7F9081089B235F8130001F00FFB04F18C
:1055EC000A02B7F90A1089B235F8120001F006FB6D
:1055FC005FFA89F6012EAFD9FCF7D0FCBDE8F88331
:10560C004C0600204D06002064000020D80000202D
:10561C00A80000208C00002010B500240B4B1C703F
:10562C000B4B1C700B4B1C7005E00B4B1C7064205F
:10563C00FDF754FE0134072CF7DDFFF76DFF002258
:10564C0020210648FDF77BFDFEE700BF5D0A002028
:10565C00640A0020650A0020660A00200008014048
:10566C0010B414682313C3EB00134FEAE37CA1FBC3
:10567C00033001FB0C011B0943EA01730911B3F15F
:10568C00004F71F1000008DA1846B3F1004F71F1C8
:10569C00FF3104DA4FF0004001E06FF000400444A9
:1056AC00146010BC704700002DE9F04F85B0FFF777
:1056BC0067FB564BB3F90030052B02DD05B0BDE896
:1056CC00F08FFFF737FD524B1B78C3EBC301514AE8
:1056DC0032F91120120403924F4A32F911201204AC
:1056EC000292002B00F08E80002301930025DFF83E
:1056FC002C812E4647F6FF79C2462F46CB462CE02E
:10570C00FFF718FD424D2B78C3EBC30303AA41F6F8
:10571C009911404830F91300FFF7A2FF2B78C3EB27
:10572C00C30302AA41F699113B4830F91300FFF765
:10573C0097FFBDF90E70BDF90A60BB45A8BFBB460B
:10574C00BA45B8BFBA46B145A8BFB146B045B8BF17
:10575C00B0460520FDF7C2FD254602213048FDF775
:10576C00E7FC20B96C1CA4B2B5F57A6FC8D35246CD
:10577C0039465846FFF724FBC4B2254B1B78C3EBC4
:10578C00C303244A02EB43035B79A34202D0032BED
:10579C0000D00024424631464846FFF711FBC0B208
:1057AC001B4B1B78C3EBC3011B4A02EB4102527922
:1057BC00824202D0032A00D0002014B900283FF402
:1057CC007DAFC3EBC301134A02EB41021471019C80
:1057DC00A344A2F806B01781AAEB040AA2F80AA007
:1057EC000D49C3EBC30201EB42021071A144A2F8B4
:1057FC0006901681A8EB0408A2F80A80094B012236
:10580C001A705BE76423019370E700BF5406002015
:10581C0059060020A80000208C0000200080FFFF0B
:10582C00000801404C06002030B583B0FFF7A8FA01
:10583C00514BB3F90030052B00F396804F4B1B787E
:10584C00C3EBC3014E4A32F91120120401924D4AA6
:10585C0032F911301B04009300244B4B1C701CE0DC
:10586C00FFF768FC454C2378C3EBC30301AA41F650
:10587C009911434830F91300FFF7F2FE2378C3EB7C
:10588C00C3036A4641F699113E4830F91300FFF7FD
:10589C00E7FE0520FDF722FD2C4602213B48FDF7D3
:1058AC0047FC20B9631C9DB2B4F5FA6FD8D3334BC7
:1058BC001B78C3EBC302324901EB4201B1F906007C
:1058CC00019AA2EB0042B1F90A10091A92FBF1F20B
:1058DC00B2F5803F4ADA41F699118A42B8BF0A46BE
:1058EC0090B2C3EBC302274901EB4201B1F9064068
:1058FC00009AA2EB0442B1F90A10091B92FBF1F2D7
:10590C00B2F5803F35DA40F6CC418A42B8BF0A4640
:10591C0091B2C3EBC3041A4A02EB440212796AB186
:10592C0040F2EE2200FB02F212131948A0F8CE202E
:10593C001848A0F8CE20144A01201070C3EBC30302
:10594C00104A02EB43031B7973B14FF47A7303FBD8
:10595C0001F213130E4AA2F8DA300E4AA2F8DA302A
:10596C00094A13780233137003B030BD4FF6FF7041
:10597C00B7E74FF6FF71CCE754060020590600201C
:10598C00A80000208C0000204D06002000080140DB
:10599C002C070020D800002038B502212448FDF740
:1059AC00C7FB90B938BD254602212148FDF7C0FB45
:1059BC0068B10A20FDF792FC6C1CA4B2B5F5FA7F15
:1059CC00F1D10520FFF7CCF9EDE70025ECE7082D28
:1059DC0005D9184B00221A70B5F5FA7F03D2082DA1
:1059EC00E0D9FFF719FE4FF47A70FDF777FC02212E
:1059FC000F48FDF79DFB58B91020FFF7A1F9FFF7F1
:105A0C0053FE0520FFF7ACF9CCE70A20FDF766FC46
:105A1C0002210748FDF78CFB0028F6D10820FFF780
:105A2C008FF9FFF701FF0520FFF79AF9BAE700BFDE
:105A3C00000801405D0A002003019BB210881B1A6C
:105A4C001BB28B4204DC494209B28B4200DB194683
:105A5C00084410807047000010B54FEA610EA0EBAF
:105A6C006101B1F5004F26DA174CA142B8BF2146AF
:105A7C0009111180154CB4F900C061451EDC144CA1
:105A8C00B4F90040A142B8BF214611807044B0F572
:105A9C00004F15DA0C4A9042B8BF104602111A801A
:105AAC00944505DB0A49B1F900C09445B8BF94464A
:105ABC00A3F800C010BD47F6FF71D9E76146E4E7D3
:105ACC0047F6FF70EAE700BF0080FFFF500600209A
:105ADC004E06002030B45479E4B1C828D4BF00205D
:105AEC000120231A18BF012318B1844201D0147964
:105AFC00B4B11468091B10B9157905B92B4692F885
:105B0C0004C0BCF1030F0DD8B1F5FA6F0CD94FF0EE
:105B1C00000C09E0B0F5167FD4BF00200120E0E7AF
:105B2C000C46E7E74FF0000C6344DBB2032B07D9BC
:105B3C00B1F5FA6F04D89179B1FA81F149099171F3
:105B4C0013715071146030BC7047000000B597B0F1
:105B5C00282200210CA8FAF73FFB00230793089397
:105B6C0009930A930B930193029303930493059364
:105B7C00069302230C93012210921022119213937C
:105B8C004FF4601315930CA8FCF7ACFA00B1FEE7C8
:105B9C000F23079302210891002309934FF480628D
:105BAC000A920B9307A8FCF7C5FC00B1FEE7022391
:105BBC0001934FF40043039301A8FDF7CBFAFCF7D4
:105BCC0077FD094BA3FB00308009FDF7F5F80420A5
:105BDC00FDF706F9002211464FF0FF30FDF7D0F823
:105BEC0017B05DF804FB00BFD34D62102DE9F041F6
:105BFC009EB0FDF753FB364CA36943F00103A36140
:105C0C00A36903F001030D930D9B0320FDF7A6F888
:105C1C00002211466FF00B00FDF7B2F8002211467E
:105C2C006FF00A00FDF7ACF8002211466FF0090086
:105C3C00FDF7A6F8002211466FF00400FDF7A0F85E
:105C4C00002211466FF00300FDF79AF8002211466E
:105C5C006FF00100FDF794F8002211464FF0FF3071
:105C6C00FDF78EF8FFF772FF636923F001036361A0
:105C7C00FEF7B4FCFEF7C8FDFEF7CAFEFEF760FFA8
:105C8C00FEF7B6FF012220211248FDF758FAFFF764
:105C9C0005F8FFF7CDF81048FDF714FC0F48FDF799
:105CAC0011FCFFF729F8012204210D48FDF747FAF2
:105CBC000C4A138A1B041D93138A02E00A20FDF779
:105CCC000DFB02210348FDF733FA0028F6D115E14C
:105CDC000010024000080140F8040020C804002015
:105CEC00000C014064030020A84BB3F90020A84B22
:105CFC001B7813B93B2A40F39181A54C2378A54D11
:105D0C00C3EBC303A44A02EB43032A464FF4F071DE
:105D1C00B3F90200FFF790FEA04E2378C3EBC30348
:105D2C009F4A02EB430332464FF4F071B3F9020081
:105D3C00FFF782FE9B4FB5F900003A4641F69911E8
:105D4C000011FFF78DFC984DB6F900002A4641F67C
:105D5C0099110011FFF784FCB7F90220934B1A80BC
:105D6C00B5F90220924B1A80237813B98F4B00227D
:105D7C001A80904C904D8D4B198809018C4B1888CA
:105D8C00000123462A4609B200B2FFF765FEB5F9B9
:105D9C0000305B42894A1360B4F90020884B1A60CA
:105DAC008848FFF7B7FB884B188A1DAA40F28F2151
:105DBC0080B2FFF755FCBDF97630A3F2776303EBA5
:105DCC00831203EB4203814A82FB0312DB17A3EB22
:105DDC00620303F5B3731BB27D4A13807D4AB2F99B
:105DEC00002040F6827101FB02F201F1AF4101F596
:105DFC00B30101F24F1181FB0201D217C2EB6122F8
:105E0C0012B275490A8075498989C1EBC1314900C3
:105E1C0088B2734C218073498989C1EBC131490027
:105E2C008CB2714D29800119704801807049096844
:105E3C0011F0010F24D16F494AF6CD300880544837
:105E4C000078C0EBC005544C04EB4504B4F9027067
:105E5C004F80534C04EB4500B0F902608E806648CD
:105E6C00B0F90A40CC806548B0F90A0008814A8133
:105E7C008B816349096B09684D68002D00F0DD804A
:105E8C00FFF78AFD5D4B9B7923B95B4B9B79002B0C
:105E9C0000F07E815B4B00221A7001221821104603
:105EAC00FEF740FF584A136801331360414BB3F9B6
:105EBC000030002BB8BF5B429BB2322B08D83E4B54
:105ECC00B3F90030002BB8BF5B429BB2322B02D926
:105EDC004D4B00221A604C4B1A684C4B9A4201D91C
:105EEC00FFF79AFB2A4B1A78494B1A70494B1A68E0
:105EFC00494B1A603E4A136801331360454B1B68CB
:105F0C00454A12689B1A502BF8D9FFF7E1F9FEF7B6
:105F1C0037FF3C4B1B78002B7FF4E6AE374B9B795D
:105F2C00002B7FF4E1AE344B9B79002B7FF4DCAE7D
:105F3C00174B1A78C2EBC201174B03EB4103B3F9B1
:105F4C000230002BB8BF5B429BB2312B3FF6CCAE7C
:105F5C00134B03EB4103B3F90230002BB8BF5B4288
:105F6C009BB2312B3FF6C0AE0620FEF7F9FE0420A3
:105F7C00FEF7F6FE6420FDF7B1F900230A4A136020
:105F8C00084A13601F4B01221A70ADE6540600201C
:105F9C00590600202A0A0020A8000020280A002008
:105FAC008C000020240A0020200A00202C0A00204B
:105FBC002E0A0020480A0020460A0020680A002009
:105FCC006C0A0020300A0020640300206B4CA407EC
:105FDC00500A0020C8000020520A0020400800206F
:105FEC004E0A0020700600204C0A00204A0A0020AD
:105FFC00540A0020340A00205C0600202C080020E3
:10600C00880400205D0A0020180A0020806D0D0015
:10601C0058060020600A00201C0A0020C3EBC303B2
:10602C007C4A02EB4303B3F90240FDF751F90146F8
:10603C00794A2046FFF74EFD5FE678490978DFF88C
:10604C00E0C1ACF80E10DFF8DCE187EA0E0E86EA50
:10605C000E0674406040424053405940ACF810105A
:10606C00FDF736F90446704B1B68C31AB3F57A7FFB
:10607C00FFF406AF6D4B93F83930DBB2202B7FF475
:10608C00FFAE6A4B1B6B93F82130012B7FF4F8AEFB
:10609C0000260E960EA8FFF777F98046202231468F
:1060AC0015A8FAF799F8B8F1000F02D00E9F002F3F
:1060BC004BD100238DF8543000230F931093119380
:1060CC001293139314935A4B1B7813B9594A1278A1
:1060DC003AB1584A12780092574A18210FA8FAF789
:1060EC0081F94F4BB3F90800B3F906505349CA89EB
:1060FC0092B2498A89B2B3F90A60B3F90C3015AF80
:10610C000B970FAF0A97099308964D4BB3F90030D4
:10611C0007934C4BB3F9003006934B4BB3F900305B
:10612C0005934A4BB3F90030049303910292019505
:10613C0000902346464AF0214648FAF753F9431E8D
:10614C00EE2B1FD9384B1C609AE60C2F28BF0C275E
:10615C00BD420BD218F805303F4AC6F1200115A8F4
:10616C003044FAF73FF906440135F1E70E9B0C2B4E
:10617C00A2D9701E394AC6F1210115AB1844FAF7A1
:10618C0031F999E782B233492848FDF713FCD9E776
:10619C00334B1B7813BB334B1B782BBB324B1B780D
:1061AC0043BB274BB3F9003013F1320F05DB254B02
:1061BC00B3F9003013F1320F04DA2C4BB3F9003081
:1061CC00002B02DB144B9B79D3B10122052100205B
:1061DC00FEF7A8FD264B01221A7063E60122182156
:1061EC000220FEF79FFD5DE6012218210320FEF739
:1061FC0099FD57E6012218210420FEF793FD51E684
:10620C00002211461046FEF78DFD194B00221A7024
:10621C0048E600BFA8000020100A0020300A002029
:10622C00340A0020CDABFFFF0C0A002088040020AC
:10623C00810A0020800A0020648500086403002085
:10624C00460A0020480A00202C0A00202E0A0020B2
:10625C007C8500081C090020588500086085000812
:10626C005306002052060020A805002056060020E8
:10627C00580A0020994B02225A60994B1B88B3F59F
:10628C00FA6FC0F0A08010B5964B1A68964BA3FB22
:10629C0002139B094FF47A7101FB1323002B00F0BE
:1062AC00D380924B998889B2914A1288521A91499B
:1062BC000A80D98889B2904A1288521A8F490A806A
:1062CC00598889B28E4A1288521A12B28D490A80A4
:1062DC00188980B28C490988091A8C480180588920
:1062EC0080B28B490988091A8A480180198889B2B9
:1062FC00894B1B885B1A1BB288490B80002AB8BFDC
:10630C00524292B240F252318A4204D8844A1278F4
:10631C00002A40F0A78083494A6C22F400424A6468
:10632C00002BB8BF5B429BB240F25232934204D86E
:10633C007B4B1B78002B40F09B807B4A536C23F4E7
:10634C0000435364674A136801331360774B1A7820
:10635C00002A00F09380634B1B687549A1FB031363
:10636C001B0B744909780131B3FBF1F001FB1033BD
:10637C00002B40F08380704B1B787BB96E4B012156
:10638C0019706E490B780133DBB20B706C490978CC
:10639C0002318B4202DD694B01211970514B1B6894
:1063AC00B3FBF2F102FB1133002B6AD1634B1A7869
:1063BC00634B1B789A4201D9002B62D110216148A2
:1063CC00FCF7C3FE5DE00133454A1380474A9188D0
:1063DC0089B24748B0F900300B4403EBD3735B1020
:1063EC000380D18889B24448B0F900300B4403EBE8
:1063FC00D3735B100380118989B24348B0F9003024
:10640C000B4403EBD3735B100380518989B2404872
:10641C00B0F900300B4403EBD3735B10038051884D
:10642C0089B23748B0F900300B4403EBD3735B10DF
:10643C000380128892B23849B1F90030134403EB4F
:10644C00D3735B100B807047284B98893E4C2246C7
:10645C0040F28F2180B2FFF703F9B4F902203B4BD5
:10646C001A801EE72F494A6C42F400424A6457E7EF
:10647C002D4A536C43F40043536463E72E4B1B7853
:10648C00FBB9334B93F8F930022B23D0314B00225C
:10649C001A80314B1B78002B40F00D812E4B0122C2
:1064AC001A701F4B1B78002B5CD02C4B9B79002B4C
:1064BC0040F002812A4B9B79002B00F0FF800022D8
:1064CC0051E0002210211F48FCF739FE1A4B002224
:1064DC001A70D6E71F4B6E221A80DAE700000240D2
:1064EC005A0A0020600A0020D34D62106403002079
:1064FC00D40000207A0A0020D2000020780A002064
:10650C00CC000020760A0020D0000020740A002065
:10651C00CE000020720A0020CA000020700A002061
:10652C005D0A002000340140002C0140660A002066
:10653C005917B7D1650A00205F0A00205E0A0020B7
:10654C00640A002000080140C4000020C80000209C
:10655C00D80000207C0A0020590A00202C080020BA
:10656C005C0600200022D2B26D4B1A706D4B9968FC
:10657C0011F0200F0CBF01240024996811F0400F7A
:10658C000CBF012000209B6813F0800F0CBF012171
:10659C000021654B1A70654A12785A70644A126869
:1065AC005A801C7158719971624A12881A81624A18
:1065BC0012885A81614A12889A81614B186800F0DE
:1065CC000DFE604BB3F90010B3F90220B3F904C00F
:1065DC0001F2E7345C4BB3F90030C3F5FA60844246
:1065EC006EDB81B2594C616302F2E73188426FDC99
:1065FC00C3F5FA6292B255498A630CF2E7329042C3
:10660C006EDCC3F5FA639BB2504AD363504B9A6865
:10661C0012F4806F0CBF012000209A6812F4006FF6
:10662C000CBF012100219B6813F4805F0CBF012279
:10663C000022484B3A4C24781C703C4C24785C70FB
:10664C00454C24685C80187159719A71434A1288C0
:10665C001A81434A12885A81424A12889A81424BC3
:10666C00186800F0BBFD414BB3F90010B3F90220E0
:10667C00B3F904C001F2E734334BB3F90030C3F57E
:10668C00FA60844234DB81B2394C616302F2E73147
:10669C00884235DCC3F5FA6292B235498A630CF252
:1066AC00E732904234DCC3F5FA639BB2304AD363D1
:1066BC00304B00221A7010BD002254E7012252E721
:1066CC0001F57A74A34201DCA1B28BE799B289E798
:1066DC0002F57A718B4201DC8AB28CE79AB28AE7B6
:1066EC000CF57A72934201DC93B28DE79BB28BE787
:1066FC0001F57A74A34201DCA1B2C5E799B2C3E7F4
:10670C0002F57A718B4201DC8AB2C6E79AB2C4E711
:10671C000CF57A72934201DC93B2C7E79BB2C5E7E2
:10672C005C0A0020000C0140400800208A00002078
:10673C006C0A00207A0A0020780A0020760A0020D1
:10674C00208600082C0800207C0A00200034014020
:10675C000010014070060020680A0020740A002016
:10676C00720A0020700A00201C8600085C060020BB
:10677C00002C0140590A002000E00430064B9842DE
:10678C0007D203889BB24FF6FF729342F5D00020DC
:10679C0070470120704700BF00080108114B1B888F
:1067AC009BB2114A128892B288B1012813D13AB91E
:1067BC004EF6EE618B4201D040230DE013460BE008
:1067CC0063B94EF6EE618A4206D1402304E01BB158
:1067DC0032B9402300E0002318467047AB23FBE797
:1067EC00AB23F9E7000001080000020870B506466B
:1067FC000D460120FFF7D2FFAB281ED000F58034E8
:10680C002034E40201300D4B03EBC02C644513D251
:10681C002368B3F1FF3F01D00434F7E72A46002385
:10682C0021460120FBF7F8FB38B932460023A11CA6
:10683C000120FBF7F1FB00E0802070BDFFFF00089A
:10684C0010B586B0002305930193124803900123E1
:10685C000493FFF791FF28B905A901A8FCF7FAFAF0
:10686C00044638B9002200230A490120FBF7D4FB67
:10687C00044610B1204606B010BD074B03930748E1
:10688C00FFF77AFF0028F5D105A901A8FCF7E2FA79
:10689C000446EFE700000108008001080000020830
:1068AC0038B504460D460020FFF778FFAB2813D00F
:1068BC00014601300A4B03EBC0230A4A02EBC1220A
:1068CC009A420AD21A8892B2A24201D0043BF4E74F
:1068DC0033F8023C2B80002038BD0120FCE700BFC0
:1068EC00FEFF000802000108F0B587B000220592F7
:1068FC008C4B1E88B6B28C490D88ADB201920393B5
:10690C00012304934EF6EE639E423FD04FF6FF7385
:10691C009E420AD0002E00F0A380FFF791FF05469F
:10692C0000B90025284607B0F0BD55B14EF6EE6310
:10693C009D4215D0FFF784FF05460028F2D10025B3
:10694C00F0E77848FFF718FF04460028EAD105A9BC
:10695C0001A8FCF77FFA05460028E3D12546E1E7BC
:10696C007048FFF709FF30B905A901A8FCF772FAC6
:10697C0005460028D6D1002200236B490120FBF7E5
:10698C004BFB05460028CDD10025CBE75DB34FF678
:10699C00FF739D424AD0FFF753FF05460028C1D133
:1069AC000025BFE727B20CE00134A4B2122C1ED88C
:1069BC005C4BDB889BB226465C4A32F8140083425F
:1069CC00F0D0BE42F0D05A49FFF76AFF0128EBD055
:1069DC00574B1988554B33F81600FFF707FF002863
:1069EC00E2D005469EE72C464FF0FF37DEE700224B
:1069FC0000234C490120FBF70FFB08B1054691E73A
:106A0C00002301934B4B0393012304934648FFF758
:106A1C00B3FE0446002885D105A901A8FCF71AFA93
:106A2C00054600287FF47EAF25467BE7414B039358
:106A3C003D48FFF7A1FE38B905A901A8FCF70AFAF1
:106A4C00054600287FF46EAF002200233549012053
:106A5C00FBF7E2FA054600287FF464AF002561E7F6
:106A6C003DB14FF6FF739D420AD034464FF0FF37CD
:106A7C001CE0FFF7E5FE00283FF454AF054651E754
:106A8C002C4B03932848FFF777FE054608B1354693
:106A9C0048E705A901A8FCF7DDF900283FF442AF4F
:106AAC0005463FE727B20CE00134A4B2122C1AD8E9
:106ABC001D4BDB889BB225461C4A32F814008342DE
:106ACC00F0D0BD42F0D01A49FFF7EAFE0128EBD016
:106ADC00174B1988154B33F81500FFF787FE054641
:106AEC000028E1D01EE7002200230F490120FBF70C
:106AFC0093FA054600287FF415AF0023019309484B
:106B0C00039001230493FFF737FE054608B1354681
:106B1C0008E705A901A8FCF79DF900283FF402AF8E
:106B2C000546FFE600000108000002086400002092
:106B3C007E0A0020008001082DE9F04186B0054650
:106B4C000E4600200590FFF729FE402811D00028A2
:106B5C0048D1DFF89480254F4EF6EE62002339467B
:106B6C000120FBF759FA044638B1204606B0BDE8BF
:106B7C00F081DFF87C801C4FEEE731462846FFF7AA
:106B8C0035FE044610B1F0E70134A4B2122C14D82F
:106B9C00184B33F81400A842F6D01749FFF780FEC3
:106BAC000128F1D0144B1988124B33F81400FFF75D
:106BBC001DFE0028E8D00446D7E700230193CDF84A
:106BCC000C800123049305A901A8FCF743F90446A2
:106BDC000028CAD10022002339460120FBF71CFAF9
:106BEC000446C2E7AB24C0E700000108000002081D
:106BFC0000800108640000207E0A002038B504469D
:106C0C000D46FFF7F3FD802800D038BD29462046FD
:106C1C00FFF792FFF9E77047FEE7FEE7FEE7FEE7B6
:106C2C0070477047704708B5FCF74AFBFCF7E9F86A
:106C3C0008BD000008B50248FDF70CFA08BD00BFFE
:106C4C007803002008B50248FDF704FA08BD00BF20
:106C5C00BC03002010B582B00A4C2046FDF712F898
:106C6C002368DA6812F0100F01D102B010BD0022B7
:106C7C0001921A6801925B680193019BFEF7DEFB9F
:106C8C00F3E700BF88040020884209DD401A80B277
:106C9C00B0FBF2F29A4201D2D0B27047D8B2704730
:106CAC0000207047884209D9401A80B2B0FBF2F23A
:106CBC009A4201D2D0B27047D8B2704700207047C8
:106CCC0090EA010F04D4002390FBF1F018447047B4
:106CDC0090FBF1F301FB1303002BF5D04FF0FF33C6
:106CEC00F2E7018070473AB9B3F90020104400B2C2
:106CFC00884203DA188070470022F7E71980704742
:106D0C00002303604360704730B4B0F900401D6845
:106D1C00A4EB2544B4F5004F04DA14F5004F03DA64
:106D2C000F4C01E047F6FF7404FB01542514158049
:106D3C001C60B0F902005C68A0EB2440B0F5004F79
:106D4C0004DA10F5004F03DA054801E047F6FF704E
:106D5C0000FB014108145080596030BC704700BFE3
:106D6C000080FFFF0180704710B4019C42B922885B
:106D7C00104480B21880884204D2208010BC704726
:106D8C000022F5E72180F9E713781B1A18BF0123BD
:106D9C000B701070704710B5044600210430FFF7DB
:106DAC00E1FF0021A01CFFF7DDFF10BD2DE9F04134
:106DBC0084B00646884617461D460A9C22460DF1AD
:106DCC000D01FFF7E1FFFEB1A37933B1A3792B706D
:106DDC002B78A37104B0BDE8F081231D00930DF155
:106DEC000E039DF80D2041460120FFF7BDFFBDF8B5
:106DFC000E30434503D8A37923B1012300E00123CE
:106E0C002B70E5E70023FBE7A379002BDED0A31C56
:106E1C0000930DF10E039DF80D2039460120FFF76C
:106E2C00A3FFBDF80E30BB4203D8A37913B10123E5
:106E3C0000E000232B70CBE7416070470023036018
:106E4C004160704730B5BDF90CE0049D059C01FB19
:106E5C0000F000110BD400280FDD6FF00041091A6F
:106E6C00D4F800C08C4508DD6FF0004007E0C0F19D
:106E7C000041D4F800C08C4513DB216808446168DC
:106E8C0001444FEA213C41F30F3098420CDD2B803A
:106E9C002B88A3EB0C031BB203FB02F22260616094
:106EAC0030BD4FF00040EAE7704502DAA5F800E08B
:106EBC00EEE72880ECE70123037170470023437150
:106ECC00012303717047000070B5BDF910E0BDF9E6
:106EDC001460069D089C00FB02F2002A0ADB002AC3
:106EEC000CDD6FF0004CACEB020CAC4506DA6FF02D
:106EFC00004C05E0C2F1004CAC4514DC02EB050C77
:106F0C00227902B12360637983B1002325681D4483
:106F1C0000FB01F1CB12B1F1806F09DA13F5004FD0
:106F2C0008DA254B06E04FF0004CE9E76346EDE745
:106F3C0047F6FF732A1403EB42025310B2F5803F5D
:106F4C0004DA13F5004F03DA1B4B01E047F6FF732D
:106F5C001BB2734518DD079AA2F800E0BCF1000FD4
:106F6C001ADBBCF1000FD4BF00220122002B16DB70
:106F7C00002BD4BF00210121914213D00023637157
:106F8C0000232371256070BDB34202DA079A168084
:106F9C00E4E7079A1380E1E74FF0FF32E6E74FF0A2
:106FAC00FF31E9E7734503DCB34203DB0023E6E77B
:106FBC000123E4E70123E2E70080FFFF01230371D3
:106FCC0070470023437101230371704770B5BDF9FD
:106FDC0010E0BDF91460069D089C00FB02F2002A2B
:106FEC000ADB002A0CDD6FF0004CACEB020CAC455C
:106FFC0006DA6FF0004C05E0C2F1004CAC4515DC34
:10700C0002EB050C22790AB11B042360637983B16E
:10701C00002325681D4400FB01F1CB12B1F1806FF8
:10702C0009DA13F5004F08DA254B06E04FF0004C57
:10703C00E8E76346EDE747F6FF732A1403EB4202D9
:10704C005310B2F5803F04DA13F5004F03DA1C4BF2
:10705C0001E047F6FF731BB2734518DD079AA2F8DF
:10706C0000E0BCF1000F1ADBBCF1000FD4BF002212
:10707C000122002B16DB002BD4BF002101219142F1
:10708C0013D00023637100232371256070BDB342BC
:10709C0002DA079A1680E4E7079A1380E1E74FF0CB
:1070AC00FF32E6E74FF0FF31E9E7734503DCB3420B
:1070BC0003DB0023E6E70123E4E70123E2E700BF5B
:1070CC000080FFFF0123837070470023C3700123EE
:1070DC008370704770B5BDF910E0BDF91450069E71
:1070EC00089C00FB02F2002A0ADB002A0CDD6FF080
:1070FC00004CACEB020CB44506DA6FF0004C05E02A
:10710C00C2F1004CB4450DDC02EB060CA27802B1C6
:10711C002380E37863B9BCF1000F06DB00236344E2
:10712C001B1406E04FF0004CF0E74FF6FF73F6E748
:10713C00002322881A4412B200FB01F1CB12B1F1E8
:10714C00806F04DA13F5004F03DA234B01E047F6A6
:10715C00FF7303EB42014B10B1F5803F04DA13F5DA
:10716C00004F03DA1C4B01E047F6FF731BB273456B
:10717C001ADD0799A1F800E0BCF1000F1CDBBCF193
:10718C00000FD4BF4FF0000C4FF0010C002B16DB9E
:10719C00002BD4BF00210121614513D00023E370E3
:1071AC000023A370228070BDAB4202DA07990D80D8
:1071BC00E2E707990B80DFE74FF0FF3CE6E74FF083
:1071CC00FF31E9E7734503DCAB4203DB0023E6E761
:1071DC000123E4E70123E2E70080FFFF2DE9F04FF4
:1071EC0093B00568C4684668876831798A00D2B262
:1071FC0073795800C0B20244D2B2B07902445FFA3B
:10720C0082FECDF81CE0003B18BF012394F89AC015
:10721C0094F89B20002918BF83F00103002818BFA5
:10722C0083F00103BCF1000F18BF83F00103002AA7
:10723C0018BF83F0010394F89C10003918BF01218A
:10724C0081EA0302994256D094F98E00B94B7344EB
:10725C0093F98817CBB294F88FC0A3EB0C035BB2F5
:10726C00012B06D013F1050F03D0FF2384F88E30C9
:10727C0002E0012384F88E3084F88F10B4F980106A
:10728C00A4F856101FFA81FEB4F882C0AEEB0C03C2
:10729C001BB2002B43DBB5F904C09C4544DC012335
:1072AC0084F8A93094F8A98084F8A28094F98E30DF
:1072BC00834214BF4FF0010C4FF0000C04D094F833
:1072CC00A790B9F1000F57D1834235D0B4F98A0099
:1072DC009BB200FB03F3A4F87A30A4F88210B4F943
:1072EC008630A4F88430B4F98830A4F88630A4F839
:1072FC00881084F8A7C004F14003B5F90A100120E6
:10730C00FFF7F1FC0A90B5F90A3083423ADBB4F985
:10731C007A300993002B31DB099B069335E0ACEBFB
:10732C000E0C0FFA8CF3B6E7B5F906C09C45B9DB29
:10733C00002384F8A930B5E7B8F1000F05D0A8896F
:10734C00000190FBF1F000B2C2E7A889800080B286
:10735C000001B4F88480B4F88690C8441FFA88F809
:10736C00B4F88890C8441FFA88F8C6440FFA8EFE09
:10737C0090FBFEF000B2ABE70020A9E75B421BB22A
:10738C00069302E0002309930693B5F9D430069ACC
:10739C0093420DDC012384F8A83095F8FB3083B9B7
:1073AC0094F8A8205AB394F8A22052B3002209E012
:1073BC00B5F9D230069A9342EFDB002384F8A8305B
:1073CC00EBE70122D2B2089294F8A3200B9294F826
:1073DC00A4200C92B6F902904FEA09190FFA89F918
:1073EC00B6F908A04FEA0A1146F63F22B2EB0A1F83
:1073FC0009DB514A914218DB0AB20D9206E00022D9
:10740C00E0E70122DEE746F640220D92B6F90A804B
:10741C004FEA081146F63F22B2EB081F08DB464A3A
:10742C0091427DDB0FFA81F804E0444A0D92EDE7BE
:10743C0046F64028002B40F09B80089B002B00F068
:10744C008180B4F956000A9B984200DC034694F9FB
:10745C008E10012967D0374ADDF81CC0624492F8BF
:10746C008827013252B29B0393FBF0F39BB289B293
:10747C0001FB03F31BB203EB823343F38F03002BAB
:10748C0074DDC3EB031343F30F1A94F9903095F8A2
:10749C00F920022A00F08B804FF0FF3B84F890B06B
:1074AC009B4517D0B3B994F998302BB9A4F8523046
:1074BC00A4F87830A4F85430FF2384F898300023D3
:1074CC00A4F87C30A4F87E30A4F85230A4F85430E0
:1074DC00A4F87830BBF1000F40F0458195F8FA30F4
:1074EC00002B40F0B68044F6E7130D9A03FB02F232
:1074FC0003FB08F3002A5DDB4FF0000890444FEAD1
:10750C00E838002B59DB0022134443F38F334344F8
:10751C00B3F5004F54DA13F5004F53DA084B51E032
:10752C00DFF8188086E7034ADDF81CC0624492F944
:10753C00882798E724860008C195FFFFC095FFFFB8
:10754C000080FFFF94F98E30012B09D0BB4B079ABA
:10755C00134493F8883701335BB21B031BB28EE7DD
:10756C00B64B079A134493F98837F6E7002388E75C
:10757C00B6F90EB095F8F83003FB0BFBABF5F07BCE
:10758C004FF4B4515846FFF79BFB80B200EB400020
:10759C00C0EB0013DB009BB21B019BB2ABEB030BEC
:1075AC000FFA8BFB4FEA8B0B0FFA8BFA6DE74FF050
:1075BC00000B73E747F6FF78A0E743F6FF72A3E7EB
:1075CC0047F6FF730FFA83F8B4238022002150464C
:1075DC00FFF75AFB994B33F91020A4F87C20B430F8
:1075EC0003EB4003B3F90230A4F87E3094F99830E1
:1075FC0032780AB94FF0FF3B84F898B09B4507D01E
:10760C0033B90022A4F85220A4F87820A4F854200E
:10761C00BBF1000F40F0A780002B77D14246B4F9A4
:10762C007E3003FB08F848F38F38DDF834C0604631
:10763C00B4F97C1001FB0CFC4CF38F3CA8EB0C0850
:10764C00B8F5004F67DA18F5004F66DADFF8F0810D
:10765C0063E0012B1FD044F6E7130D9A03FB02F2F3
:10766C0003FB08F3002A46DB4FF0000890444FEA76
:10767C00E838C8F10008002B40DB0022134443F328
:10768C008F33A8EB0303B3F5004F3ADA13F5004F31
:10769C0039DA6B4B37E00D9A13464146A2EB0808DA
:1076AC00B8F5004F0EDA18F5004F1BDB44F6E71265
:1076BC0002FB08F2002A02DB4FF0000805E047F657
:1076CC00FF7802E05F4A4FF00008904448F3CF384F
:1076DC005B425B1AB3F5004F08DA13F5004F07DA7B
:1076EC00574B05E0584A47F6FF78EEE747F6FF732D
:1076FC001BB20D9368E747F6FF78B7E743F6FF72C6
:10770C00BCE747F6FF730FFA83F85DE704F1380026
:10771C00FFF7F6FA82E747F6FF78ADF8408000FBFA
:10772C0003F343F38F3301FB02F242F38F32134422
:10773C00B3F5004F04DA13F5004F03DA404B01E0C8
:10774C0047F6FF73ADF8423004F1380304F15202EE
:10775C00B5F8EC1010A8FFF7D7FAB4F95230002B9B
:10776C0055DBA4F8783094F8A330002B00F0188285
:10777C0095F8FD30002B3ED094F89D3013F0040F9B
:10778C004AD001238DF84730079B072B6ED04FF062
:10779C000008079B002B08BF08F101089DF8473033
:1077AC009B00DBB29844EA89298A18F0FF0804F19F
:1077BC002E03009304F1A10314BF01200020FFF756
:1077CC00F5FA224B9D4254D0214B83F800800023C4
:1077DC0084F8A13004F12C020DF1470194F8A100BA
:1077EC00FFF7D2FA9DF84730002B49D087F8068076
:1077FC00BB7984F89D3094F8A130002B44D13378B8
:10780C00002B4DD07378002B4CD101233DE09BB263
:10781C005B42A4F87830A6E7B4F98C30002B19DB66
:10782C003278DAB1B5F9DC2006998A421ADDB5F95D
:10783C00DE209A4218DB002311E000BF24860008EA
:10784C000080FFFF1936F32400800CDB2C0700208E
:10785C00810A00209BB25B421BB2E1E700238DF84A
:10786C00473091E70023FAE70123F8E74FF00208CD
:10787C008FE7854B83F80080002384F8A130A9E7BB
:10788C0094F89D30BB71B3E70123DBB28DF8473020
:10789C007278022A08D095F8FC1039B3012104E063
:1078AC000123F2E70023F0E70121C8B2032A1FD01D
:1078BC000022D1B294F89E200ABB012384F89E309A
:1078CC00022384F89F30002384F8993095F8F9301E
:1078DC00022B00F09A80B9F57A5F00F3D28019F58B
:1078EC007A5F80F2BE80DFF8A491BAE00021DCE779
:1078FC0095F8FC200AB10022DBE70122D9E794F8C5
:10790C009F20012A0FD0002284F89920002BDDD172
:10791C007378012B5FD000285DD10029D6D00123CC
:10792C0084F89F305BE043B1002384F8A03002223E
:10793C0084F89F2084F89930C8E794F8A030012B84
:10794C000FD0022B24D0012384F89930B9B3002333
:10795C0084F8A030022384F8A030032384F89930F3
:10796C00B4E7022384F899300028AFD1002384F8BF
:10797C00A03031B1022384F8A030032384F899306D
:10798C00A4E7032384F8A030012384F899309DE701
:10799C00032384F89930002998D1002384F8A0306F
:1079AC0030B1012384F8A030022384F899308DE79C
:1079BC00032384F8A030012384F8993086E700284B
:1079CC0084D0002384F8A030012384F8A030022353
:1079DC0084F899307AE7012384F89F3031B102237F
:1079EC0084F8A030032384F899306FE730B1012379
:1079FC0084F8A030022384F8993067E7032384F8D5
:107A0C00A030012384F8993060E70023ADF83830BA
:107A1C00B5F91230ADF83A30B5F9DA30ADF83C3092
:107A2C00B5F9CE30ADF83E30B9F57A5F05DC19F515
:107A3C007A5F04DADFF8549001E04FF47A597378E6
:107A4C0012AA02EB430333F9103C5B01104A82FB90
:107A5C000312DB17C3EBE2039BB209FB03F343F303
:107A6C000F3994F9971094F89930003B18BF012303
:107A7C005AB284F897206BB1002B41D0A4F87490C3
:107A8C003EE04FF47A59ECE7800A002080C1FFFFFA
:107A9C00D34D6210914204D0012384F8A630002308
:107AAC00A364B4F98C301903002B64DA41F07841EB
:107ABC0094F8A6008DF84700002384F8A63000281F
:107ACC005CD1A36C5A4212F0006F59D042F0784C42
:107ADC002A68624508DB524212F0006F53D042F024
:107AEC007842944500DB6246134413F0006F4DD08E
:107AFC0043F0784300284CD0A1641B13A4F87430D5
:107B0C00B4F97430002B46DBA4F8763094F991204C
:107B1C0095F8F930022B00F0F782B4F974804FF02D
:107B2C00FF3384F89130934206D02AB9A4F84C2044
:107B3C00A4F84E20A4F85020002B40F08883B4F910
:107B4C005A20B4F97E1001FB02F343F38F33B4F9DE
:107B5C005800B4F97CE00EFB00FC4CF38F3CA3EB1B
:107B6C000C03B3F5004F80F2D38213F5004F80F273
:107B7C00D182B24BCEE221F0784199E70B46A1E7D6
:107B8C0022F0784CA4E722F07842AAE723F078435D
:107B9C00B0E7A364B1E79BB25B42A4F87630B5E7DB
:107BAC0094F8A430002B00F04D8195F8FE30002B9A
:107BBC0044D0B9F1000F09DBB5F9E0204A450ADBE6
:107BCC00B5F9E2304B4507DC4B4605E0C9F100093D
:107BDC000FFA89F9F0E71346B5F8E2105B1A1BB2FD
:107BEC00DB0392B2521A12B293FBF2F39BB2B5F9C9
:107BFC00D6200698824205DBB5F9D810814202DC0A
:107C0C00014600E01146B5F8D800091A09B2C903BB
:107C1C0092B2121A12B291FBF2F292B2934201D3C7
:107C2C0000D81A4695F8F930022B4FD0B5F9CC3064
:107C3C0002FB03F343F3CF33A4F8723094F995208D
:107C4C0095F8F930022B44D04FF0FF3384F895307F
:107C5C00934203D012B9FF2284F89620002B7FF4B4
:107C6C0055AFB5F91230A4F85C309BB25B42A4F866
:107C7C005E30B4F95A0000282DDBB5F97010B5F858
:107C8C0072208BB2D21A2D2392B2FEF7FDFF083070
:107C9C0005EB4000B0F90430A4F860309BB25B42B5
:107CAC00A4F86230B5F9CE80A4F86480B4F97200FF
:107CBC000004B0F1004F12D090FBF8F0002814DB58
:107CCC00B0F5803F12DB4FF6FF700FE0B5F9D03006
:107CDC00AEE70023BAE780B2404200B2CDE7B8F17C
:107CEC00FF3FE9D16FF00040EAE70020312340F27A
:107CFC001F52002180B2FEF7D5FF00F56270504B89
:107D0C0003EB40035B8808FB03F31A14A4F866200A
:107D1C001B0C5B421BB2A4F8683094F9960094F8E3
:107D2C00991002292BD003290AD001293AD0FF231C
:107D3C0084F89630B4F864305B42A4F86A30E5E617
:107D4C00022384F89630984271D1B5F8DA00069B7C
:107D5C00C01AB4F96030B5F8E420B5F8F61004F1A7
:107D6C00140CCDF808C004F16C0CCDF804C04FF025
:107D7C00000CCDF800C000B2FFF764F8DAE701217F
:107D8C0084F89610B4F952108A4202DB8B424CDD17
:107D9C001A4689B2531A1BB2B5F8F22002FB03F350
:107DAC006364C7E7002384F8963088BBB4F8660098
:107DBC00B4F87830C01AB4F97630B5F8E420B5F8D8
:107DCC00F21004F1240CCDF808C004F1700CCDF8BD
:107DDC0004C04FF00008CDF8008000B2FFF732F875
:107DEC00B5F8DA00069BC01AB4F97630B5F8E42081
:107DFC00B5F8F61004F11C0CCDF808C004F16E0CAB
:107E0C00CDF804C0CDF8008000B2FFF71BF891E765
:107E1C004FF07A7104F12400FFF710F84FF07A71EB
:107E2C0004F11C00FFF70AF8C0E70A46B1E74FF06F
:107E3C00617104F11400FFF701F886E70080FFFF81
:107E4C002486000894F8A530002B3FF45FAE94F91B
:107E5C00922095F8F930022B20D04FF0FF3384F8A4
:107E6C009230934205D022B9FF2284F8932084F8F3
:107E7C009420002B7FF44AAE94F9931094F8992037
:107E8C00022A31D0032A0BD0012A4BD0032384F8C9
:107E9C009330B4F97430A4F85830C9E00023DEE70D
:107EAC00022384F893308B4240F0E480B4F96C8068
:107EBC001FFA88F35B421BB2B4F97420B4F9660064
:107ECC00824204DCB4F96800824200DB1046B4F94B
:107EDC005220801AB0F5004F80F2D08010F5004F80
:107EEC0080F2CE80B848CBE0012384F893308B42EB
:107EFC0053D1B5F90800000100B295F8FC30002B05
:107F0C0062D0002860D000284EDDB4F96020ADF8B6
:107F1C004020B4F97410B4F96220914241DDADF8FF
:107F2C00421059E084F89330032B00F2818001A2B7
:107F3C0052F823F0517F0008FB7E0008B37E000846
:107F4C009F7E0008B4F97620B4F970309A4200DABA
:107F5C001346B4F96E209A4200DD1A46B4F9743017
:107F6C00002B0DDB002BD4BF0023012302FB03F3FA
:107F7C001BB2B4F960209A4205DAA4F8582057E0F5
:107F8C004FF0FF33F2E7B4F962209A4202DDA4F815
:107F9C0058204DE0A4F858304AE0201DFFF711F8A6
:107FAC00A7E7ADF8422017E0B4F96010B4F97420DB
:107FBC00914206DAADF84010B4F96220ADF84220D7
:107FCC000AE0ADF84020F7E7B4F96020ADF84020A6
:107FDC00B4F96220ADF842200BB9B4F97400099BD6
:107FEC00C01AB0F5004F04DA10F5004F03DA7648EA
:107FFC0001E047F6FF70B4F98C30B5F8F420B5F811
:10800C00EA1004F1040CCDF810C004F1580CCDF8B2
:10801C000CC0D4F844C0CDF808C0BDF942C0CDF8AE
:10802C0004C0BDF940C0CDF800C000B2FEF7CEFFD1
:10803C0094F99430089A002A43D0002284F89420B2
:10804C00002B42D1B4F872305B421BB2B4F964001D
:10805C00984204DBB4F96A00984200DC1846B4F983
:10806C005430C01AB0F5004F34DA10F5004F33DA43
:10807C00554831E02046FFF728F817E747F6FF7020
:10808C00B4F96020904500DD9046B4F962C09C457F
:10809C0000DA9C46B4F98C30B5F8F020B5F8E8104D
:1080AC00049404F1580ECDF80CE04FF0000ECDF80E
:1080BC0008E0CDF804C0CDF8008000B2FFF70AF854
:1080CC00B6E7FF2384F8943020E504F10C00FEF7AA
:1080DC00F5FEB7E747F6FF70B5F8EE20B5F8E610F9
:1080EC0004F10C03049304F15A0303930023029349
:1080FC00B4F95EC0CDF804C0B4F95CC0CDF800C0D2
:10810C0000B2FEF7E1FE01E5B4F95880002308E562
:10811C0047F6FF730EFB02F242F38F3200FB01F1C4
:10812C0041F38F310A44B2F5004F0DDA12F5004FCE
:10813C001EDB43F26D7101FB02F2002A01DB002011
:10814C0004E043F6FF7001E0204A0020104419B20D
:10815C00C3F3C0329BB21A4442F34E02C2EBA032BC
:10816C00B2F5004F08DA12F5004F07DA164A05E0AF
:10817C00174A43F6FF70E9E747F6FF724B4212B21B
:10818C0010469B1AB3F5004F04DA13F5004F03DACF
:10819C000D4B01E047F6FF73914213DA8C461BB28C
:1081AC00634500DC9C46914200DD0A46934200DBAD
:1081BC001A466244B2F5004F0CDA12F5004F0BDA96
:1081CC00014A09E09446EAE70080FFFF9348B61B9A
:1081DC00008049E447F6FF7242F34F02891AB1F569
:1081EC00004F04DA11F5004F03DA704901E047F64D
:1081FC00FF7144F6E71C0CFB01F141F38F31A4F83D
:10820C004C10801AB0F5004F04DA10F5004F03DA69
:10821C00664801E047F6FF7044F6E71101FB00F0F9
:10822C0040F38F30A4F84E009B1AB3F5004F04DADC
:10823C0013F5004F03DA5D4B01E047F6FF7344F68C
:10824C00E71202FB03F343F38F33A4F85030089B7F
:10825C002BB195F8F930022B0CD0012B11D0544BCB
:10826C00079A134493F9880705284FDC00284EDA47
:10827C0000204CE0B4F94C10B4F94E20B4F9503055
:10828C0061E095F8FE30002B3ED0B4F8720094F902
:10829C008E309BB203FB00F080B2800080B2504461
:1082AC0085B24FF4B44100B2FEF70AFD80B200EB88
:1082BC004000C0EB0013DB009BB29B019BB2E81AA1
:1082CC0000B2B42380220021FEF7DEFC384B00F50F
:1082DC00B47203EB4202B2F9041001FB08F141F352
:1082EC008F3100F5077203EB4202B2F9062002FB54
:1082FC0008F242F38F3200F5357033F9103003FB7E
:10830C0008F343F38F331EE05046DAE7052000EB09
:10831C004000274D2B1893F9761789B21FFA88F372
:10832C0003FB01F109B2421C2A4492F9762792B25E
:10833C0003FB02F212B20230284490F9760780B2A5
:10834C0000FB03F31BB20911398012117A803279C8
:10835C0084F89A20727984F89B20B27984F89C2056
:10836C000A9AA4F88020069AA4F88A2094F8A520EA
:10837C0084F8A3200B9A84F8A4200C9A84F8A520E6
:10838C00A4F88C801B11BB80099B3B81A7F80CA027
:10839C001B117B814FEAAA13FB81B4F952303B824B
:1083AC00B4F954307B8213B0BDE8F08F0080FFFF2E
:1083BC002486000838B50268C468FF2384F890301E
:1083CC0084F8983084F8973084F8953084F8963097
:1083DC0084F8923084F8933084F8943084F8913097
:1083EC00B2F90A30A4F88030012584F8A350B2F910
:1083FC000A10A4F8561004F14000FEF772FC04F1C8
:10840C002E00FEF7C8FC84F8A6504FF07A7104F1E8
:10841C002400FEF711FD4FF07A7104F11C00FEF7F9
:10842C000BFD4FF0617104F11400FEF705FD4FF4E4
:10843C006152A4F85C204CF2C073A4F85E30A4F82E
:10844C006020A4F8623042F6E062A4F864204DF299
:10845C002013A4F86A30A4F86620A4F86830201D14
:10846C00FEF7ACFD2046FEF72DFE04F10C00FEF7E6
:10847C0022FD38BD0C488546FBF762FF002103E066
:10848C000A4B5B584350043109480A4B42189A4234
:10849C00F6D3094A02E0002342F8043B074B9A4208
:1084AC00F9D3FDF7A3FB704700500020C48D0008E2
:1084BC0000000020D8010020D8010020840A0020F0
:1084CC00FEE70000F8B500BFF8BC08BC9E4670473C
:0C84DC00F8B500BFF8BC08BC9E46704715
:1084E80002030405060708090A0B0C0D0E0F1010ED
:1084F800000000004C696D69747320496E707574D2
:10850800313A205459503A2569204D494E3A256947
:10851800204D49443A2569204D41583A25690D0AAC
:108528004C696D69747320496E707574323A2054C1
:1085380059503A2569204D494E3A2569204D4944FC
:108548003A2569204D41583A25690D0A0000000076
:1085580025303258200000002E2E0000206572724F
:108568004C3A2530325820657272523A25303258CA
:1085780000000000256C756D73204C3A256420526C
:108588003A2564205458323A2564205258323A2504
:10859800642066733A25642073743A256420634C1A
:1085A8003A25642063523A256420563A25642054BB
:1085B8003A25642573205B25735D0D0A00000000D1
:1085C800232D302B20000000686C4C006566674541
:1085D8004647000030313233343536373839414276
:1085E80043444546000000003031323334353637D5
:1085F80038396162636465660000000000000000AD
:10860800010203040000000000000000010203044E
:1086180006070809FC0800200C0900200020EA21B0
:10862800CA239E2567272329D32A752C0A2E902F23
:1086380007316F32C7330F3546366D378238863982
:10864800783A573B243CDE3C853D193E9A3E073F2D
:10865800613FA63FD83FF63F0040F63FD83FA63FD0
:10866800613F073F9A3E193E853DDE3C243C573B1F
:10867800783A863982386D3746360F35C7336F32C8
:108688000731902F0A2E752CD32A232967279E2578
:10869800CA23EA2100200C1E0E1C081AFA17E4153A
:1086A800C713A4117C0F4E0D1D0BE808B106770403
:1086B8003C020000C4FD89FB4FF918F7E3F4B2F25D
:1086C80084F05CEE39EC1CEA06E8F8E5F2E3F4E144
:1086D80000E016DE36DC62DA99D8DDD62DD58BD3EC
:1086E800F6D170D0F9CE91CD39CCF1CABAC993C8B8
:1086F8007EC77AC688C5A9C4DCC322C37BC2E7C1CA
:1087080066C1F9C09FC05AC028C00AC000C00AC0CC
:1087180028C05AC09FC0F9C066C1E7C17BC222C346
:10872800DCC3A9C488C57AC67EC793C8BAC9F1CACA
:1087380039CC91CDF9CE70D0F6D18BD32DD5DDD6ED
:1087480099D862DA36DC16DE00E0F4E1F2E3F8E507
:1087580006E81CEA39EC5CEE84F0B2F2E3F418F7B0
:108768004FF989FBC4FD00003C027704B106E80814
:108778001D0B4E0D7C0FA411C713E415FA17081A28
:108788000E1C0C1E00206D3746360F35C7336F326E
:108798000731902F0A2E752CD32A232967279E2567
:1087A800CA23EA2100200C1E0E1C081AFA17E41529
:1087B800C713A4117C0F4E0D1D0BE808B1067704F2
:1087C8003C020000C4FD89FB4FF918F7E3F4B2F24C
:1087D80084F05CEE39EC1CEA06E8F8E5F2E3F4E133
:1087E80000E016DE36DC62DA99D8DDD62DD58BD3DB
:1087F800F6D170D0F9CE91CD39CCF1CABAC993C8A7
:108808007EC77AC688C5A9C4DCC322C37BC2E7C1B8
:1088180066C1F9C09FC05AC028C00AC000C00AC0BB
:1088280028C05AC09FC0F9C066C1E7C17BC222C335
:10883800DCC3A9C488C57AC67EC793C8BAC9F1CAB9
:1088480039CC91CDF9CE70D0F6D18BD32DD5DDD6DC
:1088580099D862DA36DC16DE00E0F4E1F2E3F8E5F6
:1088680006E81CEA39EC5CEE84F0B2F2E3F418F79F
:108878004FF989FBC4FD00003C027704B106E80803
:108888001D0B4E0D7C0FA411C713E415FA17081A17
:108898000E1C0C1E0020EA21CA239E2567272329C7
:1088A800D32A752C0A2E902F07316F32C7330F3514
:1088B80046366D3782388639783A573B243CDE3C59
:1088C800853D193E9A3E073F613FA63FD83FF63F98
:1088D8000040F63FD83FA63F613F073F9A3E193E0A
:1088E800853DDE3C243C573B783A863982386D37E3
:1088F800DDCCBECAD2C81BC797C547C427C338C278
:1089080077C1E1C073C02CC007C001C016C043C006
:1089180083C0D4C031C197C102C26EC2D8C23DC3A0
:108928009BC3EFC336C470C49AC4B4C4BCC4B4C433
:108938009AC470C436C4EFC39BC33DC3D8C26EC2C9
:1089480002C297C131C1D4C083C043C016C001C0A0
:1089580007C02CC073C0E1C077C138C227C347C461
:1089680097C51BC7D2C8BECADDCC30CFB7D16ED42D
:1089780055D769DAA9DD0FE19AE445E80DECEDEF8A
:10898800E0F3E3F7EFFB000011041D08200C1310BF
:10899800F313BB17661BF11E57229725AB28922BA2
:1089A800492ED030233342352E37E538693AB93B62
:1089B800D93CC83D893E1F3F8D3FD43FF93FFF3F1B
:1089C800EA3FBD3F7D3F2C3FCF3E693EFE3D923D95
:1089D800283DC33C653C113CCA3B903B663B4C3B45
:1089E800443B4C3B663B903BCA3B113C653CC33C1B
:1089F800283D923DFE3D693ECF3E2C3F7D3FBD3F29
:108A0800EA3FFF3FF93FD43F8D3F1F3F893EC83DB6
:108A1800D93CB93B693AE5382E3742352333D03053
:108A2800492E922BAB2897255722F11E661BBB17A0
:108A3800F3131310200C1D0811040000EFFBE3F7DB
:108A4800E0F3EDEF0DEC45E89AE40FE1A9DD69DA12
:108A580055D76ED4B7D130CFDDCC443B4C3B663BC9
:108A6800903BCA3B113C653CC33C283D923DFE3DD2
:108A7800693ECF3E2C3F7D3FBD3FEA3FFF3FF93F78
:108A8800D43F8D3F1F3F893EC83DD93CB93B693A29
:108A9800E5382E3742352333D030492E922BAB2878
:108AA80097255722F11E661BBB17F3131310200CD2
:108AB8001D0811040000EFFBE3F7E0F3EDEF0DEC08
:108AC80045E89AE40FE1A9DD69DA55D76ED4B7D144
:108AD80030CFDDCCBECAD2C81BC797C547C427C391
:108AE80038C277C1E1C073C02CC007C001C016C02E
:108AF80043C083C0D4C031C197C102C26EC2D8C2BC
:108B08003DC39BC3EFC336C470C49AC4B4C4BCC4C9
:108B1800B4C49AC470C436C4EFC39BC33DC3D8C29F
:108B28006EC202C297C131C1D4C083C043C016C04F
:108B380001C007C02CC073C0E1C077C138C227C3C9
:108B480047C497C51BC7D2C8BECADDCC30CFB7D182
:108B58006ED455D769DAA9DD0FE19AE445E80DEC42
:108B6800EDEFE0F3E3F7EFFB000011041D08200C24
:108B78001310F313BB17661BF11E57229725AB285A
:108B8800922B492ED030233342352E37E538693AB7
:108B9800B93BD93CC83D893E1F3F8D3FD43FF93F83
:108BA800FF3FEA3FBD3F7D3F2C3FCF3E693EFE3D44
:108BB800923D283DC33C653C113CCA3B903B663B1B
:108BC8004C3B443BDDCC30CFB7D16ED455D769DAB6
:108BD800A9DD0FE19AE445E80DECEDEFE0F3E3F7EA
:108BE800EFFB000011041D08200C1310F313BB1732
:108BF800661BF11E57229725AB28922B492ED030A1
:108C0800233342352E37E538693AB93BD93CC83D5C
:108C1800893E1F3F8D3FD43FF93FFF3FEA3FBD3FAD
:108C28007D3F2C3FCF3E693EFE3D923D283DC33CF3
:108C3800653C113CCA3B903B663B4C3B443B4C3B40
:108C4800663B903BCA3B113C653CC33C283D923D8A
:108C5800FE3D693ECF3E2C3F7D3FBD3FEA3FFF3F93
:108C6800F93FD43F8D3F1F3F893EC83DD93CB93BB2
:108C7800693AE5382E3742352333D030492E922BC6
:108C8800AB2897255722F11E661BBB17F313131049
:108C9800200C1D0811040000EFFBE3F7E0F3EDEFF3
:108CA8000DEC45E89AE40FE1A9DD69DA55D76ED4F1
:108CB800B7D130CFDDCCBECAD2C81BC797C547C411
:108CC80027C338C277C1E1C073C02CC007C001C038
:108CD80016C043C083C0D4C031C197C102C26EC29E
:108CE800D8C23DC39BC3EFC336C470C49AC4B4C4CE
:108CF800BCC4B4C49AC470C436C4EFC39BC33DC3D8
:108D0800D8C26EC202C297C131C1D4C083C043C0A9
:108D180016C001C007C02CC073C0E1C077C138C2FB
:108D280027C347C497C51BC7D2C8BECADDCCFFFF3F
:108D3800F3FFCCFF8AFF2EFFB7FE26FE7AFDB3FCB9
:108D4800D1FBD3FABAF984F831F7C1F534F488F2D3
:108D5800BEF0D4EECAEC9EEA51E8E0E54BE391E0C0
:108D6800B0DDA6DA73D713D485D0C6CCD5C8ADC4C8
:108D78004BC0ABBBC8B69EB125AC55A625A08B99F8
:108D88007692D58A8E8281797C6F37643357804793
:108D9800AE32FF0100FF000100FF0101FF000100EA
:0C8DA800FF0001FF0002000104030500B1
:088DB400D074FF7F01000000F4
:048DBC00C5010008E5
:048DC0009D01000809
:108DC4000400002000000000F40100205C020020E8
:108DD400C4020020000000000000000000000000A9
:108DE400000000000000000000000000000000007F
:108DF400000000000000000000000000000000006F
:108E0400000000000000000000000000000000005E
:108E14000000000003000000F401002000A24A0446
:108E2400D2006400E803E903EA03EB03EC03ED0377
:108E3400EE03EF03F003F103F203F303F403F5038A
:108E4400F603F703F803F903FA0301010000000035
:108E5400000205040000350C32000000000000028E
:108E640018FC0000E80300000000000000024704B2
:108E740000007D0C320000000000000218FC00001D
:108E8400E80300000000DF05DF05D007D007D007A6
:108E9400D007D007D00700000030000028001400DD
:108EA4000000D007AB2980250005403840383C3805
:108EB400323820380738E737BF3791375B371D37EB
:108EC400D8368B363736DA3575350835933415345C
:108ED4008E33FD326432C03112315930952FC52E94
:108EE400E92D002D092C032BED29C6288C273E26BD
:108EF400D9245B23C0210420211E101CC5192F175F
:108F040032149510CB0B0000000040018002C00316
:108F1400000540068007C008000A400B800CC00D05
:108F2400000F40108011C012001440158016C017A5
:108F34000019401A801BC01C001E401F8020C02145
:108F4400002340248025C02600284029802AC02BE5
:108F5400002D402E802FC030003240338034C03585
:108F6400003740389001E02EA00FF000E001001916
:108F7400C012803E30008025803EE02E0003330383
:108F8400CD04E112B81EE102CD04E102FB00F600BB
:088F94000F02000000010000C3
:0400000508008481EA
:00000001FF
